Hit Count,Page No,Product URL,Product Name,Product Price,Rating,Number of Reviews
1,1,https://www.amazon.in//American-Tourister-AMT-SCH-02/dp/B07CJCGM1M/ref=sr_1_3?crid=2M096C61O4MLT&keywords=bags&qid=1679491389&sprefix=ba%2Caps%2C283&sr=8-3,American Tourister 32 Ltrs Black Casual Backpack (AMT FIZZ SCH BAG 02 - BLACK),"1,199",4.0,"52,349"
2,1,https://www.amazon.in//Skybags-Brat-Black-Casual-Backpack/dp/B08Z1HHHTD/ref=sr_1_4?crid=2M096C61O4MLT&keywords=bags&qid=1679491389&sprefix=ba%2Caps%2C283&sr=8-4,Skybags Brat Black 46 Cms Casual Backpack,649,4.1,"3,791"
3,1,https://www.amazon.in//Wesley-Milestone-Waterproof-Backpack-Business/dp/B084JGJ8PF/ref=sr_1_5?crid=2M096C61O4MLT&keywords=bags&qid=1679491389&sprefix=ba%2Caps%2C283&sr=8-5,Wesley Milestone 2.0 Casual Waterproof Laptop Backpack/Office Bag/School Bag/College Bag/Business Bag/Travel Backpack (Dimensions:13x18 inches) (Compatible with 39.62cm(15.6inch laptop) 30 L (Blue & black),565,4.3,"9,839"
4,1,https://www.amazon.in//ADISA-Laptop-Backpack-Office-College/dp/B09TPX22NF/ref=sr_1_6?crid=2M096C61O4MLT&keywords=bags&qid=1679491389&sprefix=ba%2Caps%2C283&sr=8-6,ADISA 15.6 inch Laptop Backpack Office Bag College Travel Back Pack 32 Ltrs (z-Navy Blue),499,3.9,573
5,1,https://www.amazon.in//Lavie-Sport-Duffle-Luggage-Trolley/dp/B097RJ22Q3/ref=sr_1_7?crid=2M096C61O4MLT&keywords=bags&qid=1679491389&sprefix=ba%2Caps%2C283&sr=8-7,Lavie Sport Lino Large Size 63 cms Wheel Duffle Bag for Travel | Travel Bag with Trolley,949,3.9,"6,332"
6,1,https://www.amazon.in//GEAR-Black-Blue-Backpack-years/dp/B019HA8AYG/ref=sr_1_8?crid=2M096C61O4MLT&keywords=bags&qid=1679491389&sprefix=ba%2Caps%2C283&sr=8-8,Gear CarryOn 16L Foldable Water Resistant School Bag//Backpack/College Bag for Men/Women - Blue Black,214,3.7,"6,062"
7,1,https://www.amazon.in//SAFARI-Ltrs-Casual-Backpack-DAYPACKNEO15CBSEB/dp/B07Q7CNPMV/ref=sr_1_9?crid=2M096C61O4MLT&keywords=bags&qid=1679491389&sprefix=ba%2Caps%2C283&sr=8-9,SAFARI 15 Ltrs Sea Blue Casual/School/College Backpack (DAYPACKNEO15CBSEB),299,4.0,"18,033"
9,1,https://www.amazon.in//Half-Moon-Waterproof-Backpack-Students/dp/B085MHDJ93/ref=sr_1_13?crid=2M096C61O4MLT&keywords=bags&qid=1679491389&sprefix=ba%2Caps%2C283&sr=8-13,"Half Moon 35L Water Resistant 15.6 inch Laptop Bag for Men/Backpack for Men, Navy Blue | Office Bag for Men/Office Bag for Women with Padded Laptop Compartment | Rain Cover & Reflective Strips",689,3.9,"15,272"
10,1,https://www.amazon.in//Number-Backpack-Compartment-Charging-Organizer/dp/B09VTCNN75/ref=sr_1_14?crid=2M096C61O4MLT&keywords=bags&qid=1679491389&sprefix=ba%2Caps%2C283&sr=8-14,"FUR JADEN Anti Theft Number Lock Backpack Bag with 15.6 Inch Laptop Compartment, USB Charging Port & Organizer Pocket for Men Women Boys Girls",689,3.9,"3,139"
11,1,https://www.amazon.in//Wesley-Milestone-Waterproof-Backpack-Business/dp/B07PLKV6D1/ref=sr_1_15?crid=2M096C61O4MLT&keywords=bags&qid=1679491389&sprefix=ba%2Caps%2C283&sr=8-15,Wesley Milestone 15.6 inch 25 L Casual Waterproof Laptop Backpack/Office Bag/School Bag/College Bag/Business Bag/Unisex Travel Backpack,473,4.3,"12,356"
12,1,https://www.amazon.in//Backpack-Small-Black-Water-Repellant/dp/B088XB5XY8/ref=sr_1_16?crid=2M096C61O4MLT&keywords=bags&qid=1679491389&sprefix=ba%2Caps%2C283&sr=8-16,"Mi Step Out 12 L Mini Backpack (Small Size, Black, Water Repellant)",398,4.1,"8,199"
13,1,https://www.amazon.in//Gear-Classic-Leather-Backpack-LBPCLSLTH0201/dp/B07G4F6XFH/ref=sr_1_17?crid=2M096C61O4MLT&keywords=bags&qid=1679491389&sprefix=ba%2Caps%2C283&sr=8-17,Gear Classic 20L Faux Leather Water Resistant Anti Theft Laptop Bag/Backpack for Men/Women-Brown,"1,075",4.4,"5,463"
14,1,https://www.amazon.in//ADISA-Laptop-Backpack-Office-College/dp/B0BPVLXD53/ref=sr_1_18?crid=2M096C61O4MLT&keywords=bags&qid=1679491389&sprefix=ba%2Caps%2C283&sr=8-18,ADISA 35L Large Laptop Backpack Office Bag College Travel Back Pack with rain Cover (Grey),599,3.9,36
15,1,https://www.amazon.in//FUR-JADEN-Leatherette-Polypropylene-DUFF05/dp/B07M9BRCQ5/ref=sr_1_19?crid=2M096C61O4MLT&keywords=bags&qid=1679491389&sprefix=ba%2Caps%2C283&sr=8-19,Fur Jaden Brown Textured Leatherette Stylish & Spacious Weekender Duffle Bag for Travel,889,4.3,"5,567"
16,1,https://www.amazon.in//Safari-Laptop-Backpack-Resistant-Fabric/dp/B09B25Z8M2/ref=sr_1_20?crid=2M096C61O4MLT&keywords=bags&qid=1679491389&sprefix=ba%2Caps%2C283&sr=8-20,"Safari Quill Laptop Backpack 26 Ltrs Water Resistant Fabric - Black, L (QUILL19CBBLK)",799,3.9,722
17,2,https://www.amazon.in//ADISA-BP005-Weight-Casual-Backpack/dp/B07F3X45WZ/ref=sr_1_19?crid=2M096C61O4MLT&keywords=bags&qid=1679491441&sprefix=ba%2Caps%2C283&sr=8-19,ADISA Light Weight Laptop Backpack 32 Ltrs,499,4.0,"5,656"
18,2,https://www.amazon.in//American-Tourister-BACKPACK-COMPARTMENT-ORGANIZER/dp/B0BTD4FK9G/ref=sr_1_20?crid=2M096C61O4MLT&keywords=bags&qid=1679491441&sprefix=ba%2Caps%2C283&sr=8-20,"American Tourister VALEX BLUE LAPTOP BACKPACK 28 Ltrs,Volume, LAPTOP COMPARTMENT, BOTTLE POCKET, FRONT ORGANIZER","1,299",4.2,11
20,2,https://www.amazon.in//Gear-Black-Laptop-Backpack-LBPASPIRE0104/dp/B075MK4TXP/ref=sr_1_22?crid=2M096C61O4MLT&keywords=bags&qid=1679491441&sprefix=ba%2Caps%2C283&sr=8-22,Gear Aspire 30L Water Restant Office Laptop Bag/Backpack for Men/Women/(Black),"1,131",4.3,"5,175"
21,2,https://www.amazon.in//ADISA-BP004-Weight-Casual-Backpack/dp/B07G3CG9FC/ref=sr_1_23?crid=2M096C61O4MLT&keywords=bags&qid=1679491441&sprefix=ba%2Caps%2C283&sr=8-23,ADISA Laptop Backpack 31 Ltrs,499,4.0,"9,091"
22,2,https://www.amazon.in//Rucksack-Travel-Backpack-Trekking-Compartment/dp/B07YDGQQN5/ref=sr_1_24?crid=2M096C61O4MLT&keywords=bags&qid=1679491441&sprefix=ba%2Caps%2C283&sr=8-24,"Fur Jaden 55 LTR Rucksack Travel Backpack Bag for Trekking, Hiking with Shoe Compartment",839,4.2,"4,964"
23,2,https://www.amazon.in//F-Gear-Luxur-Brown-Backpack/dp/B01F7AX9ZA/ref=sr_1_25?crid=2M096C61O4MLT&keywords=bags&qid=1679491441&sprefix=ba%2Caps%2C283&sr=8-25,F Gear Luxur Brown 25 liter Laptop Backpack (2404),"1,032",4.4,"16,474"
24,2,https://www.amazon.in//Safari-Backpack-Resistant-Polyester-Travelling/dp/B09B29F66W/ref=sr_1_26?crid=2M096C61O4MLT&keywords=bags&qid=1679491441&sprefix=ba%2Caps%2C283&sr=8-26,"Safari Flash Casual Backpack, 26 ltr Water Resistant Travel Bags| Weight Polyester Bagpack for Men and Women, Spacious Shoulder Bag for College, Office, Travelling and Camping",799,3.9,"2,442"
25,2,https://www.amazon.in//Fur-Jaden-Black-Waterproof-Backpack/dp/B078GLXMDY/ref=sr_1_29?crid=2M096C61O4MLT&keywords=bags&qid=1679491441&sprefix=ba%2Caps%2C283&sr=8-29,Fur Jaden Anti Theft Backpack 15.6 Inch Laptop Bag with USB Charging Port,799,4.0,"10,761"
26,2,https://www.amazon.in//Step-Backpack-Small-Water-Repellant/dp/B088XH1BP7/ref=sr_1_30?crid=2M096C61O4MLT&keywords=bags&qid=1679491441&sprefix=ba%2Caps%2C283&sr=8-30,"Mi Step Out 12 L Mini Backpack (Small Size, Dark Blue, Water Repellant)",312,4.1,"8,199"
27,2,https://www.amazon.in//Motherly-Diaper-Travel-Basic-Black/dp/B07QXSNDKN/ref=sr_1_31?crid=2M096C61O4MLT&keywords=bags&qid=1679491441&sprefix=ba%2Caps%2C283&sr=8-31,motherly Diaper Bags for Mom Travel Basic Edition (Black),"1,536",4.5,"2,335"
28,2,https://www.amazon.in//AirCase-C34-Laptop-Backpack-Women/dp/B07QN4KXWG/ref=sr_1_32?crid=2M096C61O4MLT&keywords=bags&qid=1679491441&sprefix=ba%2Caps%2C283&sr=8-32,"AirCase Laptop Bag Backpack Case Pouch for Laptop Backpack for Men & Women,Premium Vegan Leather",929,3.9,753
29,2,https://www.amazon.in//Safari-Laptop-Backpack-Resistant-Fabric/dp/B09B28TKLG/ref=sr_1_33?crid=2M096C61O4MLT&keywords=bags&qid=1679491441&sprefix=ba%2Caps%2C283&sr=8-33,"Safari Quill Laptop Backpack 26 Ltrs Water Resistant Fabric - Blue, L (QUILL19CBBLU)",799,4.1,495
30,2,https://www.amazon.in//ADISA-Laptop-Backpack-Office-College/dp/B0BPVCBFM7/ref=sr_1_34?crid=2M096C61O4MLT&keywords=bags&qid=1679491441&sprefix=ba%2Caps%2C283&sr=8-34,ADISA 35L Large Laptop Backpack Office Bag College Travel Back Pack with rain Cover (Green),599,3.9,36
31,2,https://www.amazon.in//Lenovo-15-6-Inches-Everyday-Backpack/dp/B08R7RPVJF/ref=sr_1_35?crid=2M096C61O4MLT&keywords=bags&qid=1679491441&sprefix=ba%2Caps%2C283&sr=8-35,"Lenovo 15.6"" (39.62cm) Slim Everyday Backpack, Made in India, Compact, Water-resistant, Organized storage:Laptop sleeve,tablet pocket,front workstation,2-side pockets,Padded adjustable shoulder straps",652,4.4,"2,734"
32,2,https://www.amazon.in//Dell-Pro-Slim-Backpack-15/dp/B07PMQTB6T/ref=sr_1_36?crid=2M096C61O4MLT&keywords=bags&qid=1679491441&sprefix=ba%2Caps%2C283&sr=8-36,"Dell Pro Slim Backpack 15 - PO1520PS - Fits Most laptops up to 38.1 cm (15 inches, Black)","1,599",4.3,400
33,3,https://www.amazon.in//Tabelito-Laptop-Backpack-15-6-inch-Repellent/dp/B08Y5S6C2P/ref=sr_1_35?crid=2M096C61O4MLT&keywords=bags&qid=1679491497&sprefix=ba%2Caps%2C283&sr=8-35,"Tabelito® Casual Laptop Bag 15.6inch (39.6 cm) , 25 LTR Office College School Bags Business Travel Backpack for Men Women Water Resistant Bags(BLACK)",549,4.2,"1,599"
34,3,https://www.amazon.in//Kleider-Travel-Business-Messenger-Shoulder/dp/B084ZHP97M/ref=sr_1_36?crid=2M096C61O4MLT&keywords=bags&qid=1679491497&sprefix=ba%2Caps%2C283&sr=8-36,DEIN KLEIDER Men's Nylon Messenger Bag,349,4.0,"4,570"
35,3,https://www.amazon.in//Nivia-6853BKGR-Polyester-Black-Grey/dp/B07NLB6FRS/ref=sr_1_37?crid=2M096C61O4MLT&keywords=bags&qid=1679491497&sprefix=ba%2Caps%2C283&sr=8-37,NIVIA Basic Duffle Polyester Bag/Gym Bags/Adjustable Shoulder Bag for Men/Duffle Gym Bags for Men/Fitness Bag/Carry Bags/Sports & Travel Bag/Sports Kit/Duffle Bags Travel,239,4.0,"3,127"
36,3,https://www.amazon.in//Genie-Glitter-Backpack-Women-compartments/dp/B097JHQH13/ref=sr_1_38?crid=2M096C61O4MLT&keywords=bags&qid=1679491497&sprefix=ba%2Caps%2C283&sr=8-38,"Genie Glitter Backpack for Women - 3 compartments, Laptop Bags for Girls, Stylish and Trendy College Backpacks for Girls, Water Resistant and Lightweight Bags for Office and Travelling Purpose.","1,099",4.3,393
37,3,https://www.amazon.in//Wesley-Spartan-Hiking-Raincover-Organiser/dp/B098QFF5TJ/ref=sr_1_39?crid=2M096C61O4MLT&keywords=bags&qid=1679491497&sprefix=ba%2Caps%2C283&sr=8-39,Wesley Spartan Unisex Travel Hiking Laptop Bag fits Upto 17.3 inch with Raincover and Internal Organiser Backpack Rucksack College Bag,748,4.1,"1,047"
38,3,https://www.amazon.in//ADISA-Laptop-Backpack-College-z-Black/dp/B09TPY1G1W/ref=sr_1_40?crid=2M096C61O4MLT&keywords=bags&qid=1679491497&sprefix=ba%2Caps%2C283&sr=8-40,ADISA 15.6 inch Laptop Backpack Office Bag College Travel Back Pack 32 Ltrs (z-Black),499,3.9,573
39,3,https://www.amazon.in//American-Tourister-AMT-SCH-BAG01/dp/B07CJCFNZG/ref=sr_1_41?crid=2M096C61O4MLT&keywords=bags&qid=1679491497&sprefix=ba%2Caps%2C283&sr=8-41,American Tourister Casual Backpack,"1,139",4.1,"14,484"
40,3,https://www.amazon.in//AUXTER-BLACKY-Duffel-Emboss-Black/dp/B07F2H25NP/ref=sr_1_42?crid=2M096C61O4MLT&keywords=bags&qid=1679491497&sprefix=ba%2Caps%2C283&sr=8-42,AUXTER Faux Leather 23 Cms Duffle Bag(AUX_GB_LE_Black -SE_0521_Black),376,4.3,"8,912"
41,3,https://www.amazon.in//NETTIE-Cotton-Carry-Strap-Drawstring/dp/B08LBT1R9J/ref=sr_1_45?crid=2M096C61O4MLT&keywords=bags&qid=1679491497&sprefix=ba%2Caps%2C283&sr=8-45,NETTIE Cotton Carry Bag with Strap and Drawstring for Yoga Mat- Big Size,198,4.1,"1,007"
42,3,https://www.amazon.in//AmazonBasics-Casual-Backpack-Office-15-6-inch/dp/B09W4VMZ79/ref=sr_1_46?crid=2M096C61O4MLT&keywords=bags&qid=1679491497&sprefix=ba%2Caps%2C283&sr=8-46,AmazonBasics - Casual Backpack/Office Bag/ for a 15.6-inch Laptop,709,4.2,435
43,3,https://www.amazon.in//Half-Moon-Waterproof-Laptop-Backpack/dp/B09QM9N1B3/ref=sr_1_47?crid=2M096C61O4MLT&keywords=bags&qid=1679491497&sprefix=ba%2Caps%2C283&sr=8-47,Half Moon 30L Waterproof 15.6 inch Laptop Office School College Bag Backpack for Men Women Boys & Girls,589,3.6,361
44,3,https://www.amazon.in//American-Tourister-BACKPACK-COMPARTMENT-ORGANIZER/dp/B0BTD4S4XF/ref=sr_1_48?crid=2M096C61O4MLT&keywords=bags&qid=1679491497&sprefix=ba%2Caps%2C283&sr=8-48,"American Tourister VALEX BLACK LAPTOP BACKPACK 28 Ltrs,Volume, LAPTOP COMPARTMENT, BOTTLE POCKET, FRONT ORGANIZER","1,299",4.1,8
45,3,https://www.amazon.in//ZIPLINE-Polyester-Backpack-Children-Daypack/dp/B07XVMR33Q/ref=sr_1_49?crid=2M096C61O4MLT&keywords=bags&qid=1679491497&sprefix=ba%2Caps%2C283&sr=8-49,Zipline Unisex casual polyester 36 L Backpack School Bag Women Men Boys Girls children Daypack College Bag Book School Sports Bag Weekend Bag,834,4.0,"5,143"
46,3,https://www.amazon.in//Arctic-Fox-Liters-String-Backpack/dp/B08L6Q9V1H/ref=sr_1_50?crid=2M096C61O4MLT&keywords=bags&qid=1679491497&sprefix=ba%2Caps%2C283&sr=8-50,Arctic Fox 15 Liters Draw String Bag Lavender Backpack,222,4.3,"2,951"
47,3,https://www.amazon.in//DZert-Fabric-Multicolour-Spiderman-Printed/dp/B07BNS3KNX/ref=sr_1_51?crid=2M096C61O4MLT&keywords=bags&qid=1679491497&sprefix=ba%2Caps%2C283&sr=8-51,DZert Kids School Bag Soft Plush Backpacks Cartoon Boys Girls Baby (2-5 Years),239,3.8,"1,400"
48,3,https://www.amazon.in//WILD-MODA-Womens-Shoulder-Turquoise/dp/B099PLT91X/ref=sr_1_52?crid=2M096C61O4MLT&keywords=bags&qid=1679491497&sprefix=ba%2Caps%2C283&sr=8-52,"WILD MODA Women's Shoulder Bag, Set of 1",849,4.3,"3,506"
50,4,https://www.amazon.in//Lenovo-Laptop-Backpack-15-6-Inch-GX40Q17225/dp/B075Y72PHZ/ref=sr_1_52?crid=2M096C61O4MLT&keywords=bags&qid=1679491551&sprefix=ba%2Caps%2C283&sr=8-52,Lenovo Casual Laptop Backpack B210 15.6-inch(39.6cm) Water Repellent Black,799,4.2,"54,802"
51,4,https://www.amazon.in//Chic-Buddy-Waterproof-Swimsuits-Toiletries/dp/B09KSBHC18/ref=sr_1_53?crid=2M096C61O4MLT&keywords=bags&qid=1679491551&sprefix=ba%2Caps%2C283&sr=8-53,"Chic Buddy Waterproof Wet Bag, Washable, Reusable for Travel, Beach, Pool, Stroller, Diapers, Dirty Gym Clothes, Wet Swimsuits, Toiletries",299,4.4,282
52,4,https://www.amazon.in//Nivia-5183-Polyester-Duffle-Medium/dp/B071KNXQ7Y/ref=sr_1_54?crid=2M096C61O4MLT&keywords=bags&qid=1679491551&sprefix=ba%2Caps%2C283&sr=8-54,NIVIA Beast Gym Bag-4 Polyester/Unisex Gym Bags/Shoulder Bag for Men & Women with Separate Shoes Compartment/Carry Gym Accessories/Fitness Bag/Sports & Travel Bag/Sports Kit,529,4.2,"3,767"
53,4,https://www.amazon.in//VIP-Endura-Puller-Brown-Duffle/dp/B0B527KJQZ/ref=sr_1_55?crid=2M096C61O4MLT&keywords=bags&qid=1679491551&sprefix=ba%2Caps%2C283&sr=8-55,VIP Polypropylene 48 Cms Travel Bag(DFENDEBRN_Brown),899,4.3,407
54,4,https://www.amazon.in//Tabelito-Laptop-Backpack-15-6-inch-Repellent/dp/B08Y3KCN32/ref=sr_1_56?crid=2M096C61O4MLT&keywords=bags&qid=1679491551&sprefix=ba%2Caps%2C283&sr=8-56,"Tabelito® Casual 15.6 Inch Laptop Bag (39.6cm), 25 LTR Water Repellent Backpack Laptop Apple/ Dell/ Lenovo/ Asus/ Hp/ Samsung/ Mi/ MacBook/ Ultrabook/ Thinkpad/ Ideapad/ Surfacepro Men Women (Blue)",549,4.2,"1,599"
55,4,https://www.amazon.in//Sfane-Women-Trendy-Black-Duffel/dp/B07GCR84D9/ref=sr_1_57?crid=2M096C61O4MLT&keywords=bags&qid=1679491551&sprefix=ba%2Caps%2C283&sr=8-57,"Sfane Polyester 9.05 Black Men & Women Trendy Black Sports Duffle Gym Bag, Shoulder Bag",297,4.2,930
56,4,https://www.amazon.in//BennettTM-Shoulder-Messenger-Repellent-Charcoal/dp/B09CV24TMK/ref=sr_1_58?crid=2M096C61O4MLT&keywords=bags&qid=1679491551&sprefix=ba%2Caps%2C283&sr=8-58,Bennett™ Mystic Unisex Adult Men's Laptop Bag 15.6 inch Side Shoulder Briefcase Satchel Messenger Business Bags for Men & Women Front Pocket for Laptop Accessories - Black (6 Month Warranty),512,4.0,"5,229"
57,4,https://www.amazon.in//Nivia-5227-Pulse-Junior-Others/dp/B08D7QG33Z/ref=sr_1_61?crid=2M096C61O4MLT&keywords=bags&qid=1679491551&sprefix=ba%2Caps%2C283&sr=8-61,"Nivia 5227 Pulse Junior Bag, Others (Orange) (Sky Blue)",294,3.8,156
58,4,https://www.amazon.in//Trajectory-Elegant-15-6-Laptop-Office/dp/B09RK6NCGC/ref=sr_1_62?crid=2M096C61O4MLT&keywords=bags&qid=1679491551&sprefix=ba%2Caps%2C283&sr=8-62,Trajectory 100% Vegan Leather 16 Inch Laptop Office Messenger bag for all laptop like Apple MacBook with 2 Years Warranty and Spacious Multiple Compartment with Expandable Bottom Used as Shoulder and Handbag for Men and Women,"1,399",4.2,313
59,4,https://www.amazon.in//Lunars-Bingo-Laptop-Resistant-48L/dp/B08YZ8FFBZ/ref=sr_1_63?crid=2M096C61O4MLT&keywords=bags&qid=1679491551&sprefix=ba%2Caps%2C283&sr=8-63,Lunar's Bingo - 48 L Laptop Office/School/Travel/Business Backpack Water Resistant - Fits Up to 15.6 Inch Laptop Notebook with 1 Year Warranty,899,3.9,"9,061"
60,4,https://www.amazon.in//Genie-Flamenco2-Backpack-Compatible-Resistant/dp/B08YF1XJXY/ref=sr_1_64?crid=2M096C61O4MLT&keywords=bags&qid=1679491551&sprefix=ba%2Caps%2C283&sr=8-64,"Genie Flamenco Laptop Backpack for Women, 16 inches Office Bag, Sky Blue Stylish and Trendy Bag for Office and College",640,4.4,"1,025"
61,4,https://www.amazon.in//Half-Moon-Spacious-Backpack-Compartment/dp/B0BLVQ9NTD/ref=sr_1_65?crid=2M096C61O4MLT&keywords=bags&qid=1679491551&sprefix=ba%2Caps%2C283&sr=8-65,Half Moon Strike 35L Unisex Spacious School/Laptop/College/Office Travel Backpack Bag for Men Women Boys & Girls with 15.6 inch Padded Laptop Compartment & Multiple Pockets,699,3.7,117
62,4,https://www.amazon.in//F-Gear-Enzo-Black-Blue-Waist-Bag/dp/B0862LXJYT/ref=sr_1_66?crid=2M096C61O4MLT&keywords=bags&qid=1679491551&sprefix=ba%2Caps%2C283&sr=8-66,F Gear Enzo Sports Waist Bag (.Black Blue),200,4.2,"1,114"
63,4,https://www.amazon.in//DZert-Kids-Grey-School-Years/dp/B07QD1M3R9/ref=sr_1_67?crid=2M096C61O4MLT&keywords=bags&qid=1679491551&sprefix=ba%2Caps%2C283&sr=8-67,DZert Kids School Bag Soft Plush Backpacks Cartoon Boys Girls Baby (2-5 Years),219,3.7,"3,007"
64,4,https://www.amazon.in//Hilfiger-Joshua-Backpack-TH-JOSHUALAP01/dp/B07N8GRWTZ/ref=sr_1_68?crid=2M096C61O4MLT&keywords=bags&qid=1679491551&sprefix=ba%2Caps%2C283&sr=8-68,Tommy Hilfiger Joshua 15 inch 21 Ltrs Light Grey Laptop Backpack (TH/JOSHUALAP07),"2,239",3.9,402
65,5,https://www.amazon.in//Backpack-Business-Backpacks-Charging-Resistant/dp/B094DGX84G/ref=sr_1_67?crid=2M096C61O4MLT&keywords=bags&qid=1679491605&sprefix=ba%2Caps%2C283&sr=8-67,"FUR JADEN Travel Laptop Backpack, Business Backpacks with USB Charging Port, Water Resistant College School Computer Bag for Men & Women Fits Under 15.6 inch Laptop and Notebook",989,4.4,347
66,5,https://www.amazon.in//Nivia-Deflate-5180BK-Polyester-Round/dp/B07222KX3S/ref=sr_1_68?crid=2M096C61O4MLT&keywords=bags&qid=1679491605&sprefix=ba%2Caps%2C283&sr=8-68,NIVIA Deflate Round 01 Polyester Gym Bag/Unisex Gym Bags/Adjustable Shoulder Bag for Men/Duffle Gym Bags for Men/Carry Gym Accessories/Fitness Bag/Sports &Travel Bag/Gym kit Bag,449,4.2,"7,282"
67,5,https://www.amazon.in//HAMMONDS-FLYCATCHER-Genuine-Shoulder-Messenger/dp/B07P2TQH78/ref=sr_1_69?crid=2M096C61O4MLT&keywords=bags&qid=1679491605&sprefix=ba%2Caps%2C283&sr=8-69,"Hammonds Flycatcher Genuine Leather Laptop Bag for Men/Office Bag for Men, Brown | Fits Upto 16 Inch Laptop/MacBook| Leather Bag with Shoulder Straps | Laptop Messenger Bag/Leather Bag for Men |","2,599",4.3,"4,688"
68,5,https://www.amazon.in//Lify-Womens-Shoulder-Crossbody-Handbag/dp/B09JWMW646/ref=sr_1_70?crid=2M096C61O4MLT&keywords=bags&qid=1679491605&sprefix=ba%2Caps%2C283&sr=8-70,Lify Women's Retro Large Size Canvas Shoulder Bag Hobo Crossbody Handbag Casual Tote - 1 Piece,320,3.8,"1,321"
69,5,https://www.amazon.in//Resistant-Duffle-Shoulder-Separate-Compartment/dp/B09KVBSG61/ref=sr_1_71?crid=2M096C61O4MLT&keywords=bags&qid=1679491605&sprefix=ba%2Caps%2C283&sr=8-71,"Wooum Polyester 23 cms Gym Bag Sport Outdoor Bag, Shoulder Bag Side Bag with Separate Shoes Compartment Water Resistance - Dark Grey",397.,4.2,466
70,5,https://www.amazon.in//Safari-Spartan-Water-Resistant-Backpack/dp/B09B26MB5M/ref=sr_1_72?crid=2M096C61O4MLT&keywords=bags&qid=1679491605&sprefix=ba%2Caps%2C283&sr=8-72,"Safari Spartan 21 Ltrs Water Resistant Backpack - Blue, S (SPARTAN19CBBLU)",599,3.8,684
71,5,https://www.amazon.in//BennettTM-Mystic-Shoulder-Messenger-Repellent/dp/B09321GJXZ/ref=sr_1_73?crid=2M096C61O4MLT&keywords=bags&qid=1679491605&sprefix=ba%2Caps%2C283&sr=8-73,Bennett™ Mystic 15.6 inch (39.6cm) Laptop Briefcase Shoulder Sling Office Business Professional Travel Messenger Bag for Men and Women Water Repellent Formal Executive Bags (Grey) 6 Months Warranty,512,4.0,"5,229"
72,5,https://www.amazon.in//BESTAQUA-Capacity-Cosmetic-Cosmetics-Organizer/dp/B0BW62ZR8N/ref=sr_1_74?crid=2M096C61O4MLT&keywords=bags&qid=1679491605&sprefix=ba%2Caps%2C283&sr=8-74,"BESTAQUA Large Capacity Cosmetic Travel Bag, Women's Makeup Travel Bag Portable Leather Cosmetics Bag, Makeup Storage Bags with Handle and Divider,Makeup Organizer Bags(Multi)",799,1.0,1
73,5,https://www.amazon.in//SIDRUM-Shoulder-Adjustable-Compatible-Mirrorless/dp/B09P74TZY8/ref=sr_1_77?crid=2M096C61O4MLT&keywords=bags&qid=1679491605&sprefix=ba%2Caps%2C283&sr=8-77,"SIDRUM WF-18 DSLR/SLR Camera Shoulder Bag Case with Adjustable Shoulder Strap & Rain Cover, Compatible for Nikon, Canon, Sony Mirrorless Cameras - Waterproof - Breathable - Anti Shock (Orange-Black)",664,4.4,916
74,5,https://www.amazon.in//Asus-BP1504-15-6-inch-Laptop-Backpack/dp/B0895ZZHKK/ref=sr_1_78?crid=2M096C61O4MLT&keywords=bags&qid=1679491605&sprefix=ba%2Caps%2C283&sr=8-78,Asus BP1504 39.62 cm (15.6-inch) Laptop Backpack (Dark Grey),819,4.2,"1,538"
75,5,https://www.amazon.in//Gear-Vintage2-Leather-Backpack-LBPVG2LTH0501/dp/B07G4HH78P/ref=sr_1_79?crid=2M096C61O4MLT&keywords=bags&qid=1679491605&sprefix=ba%2Caps%2C283&sr=8-79,Gear Vintage2 28L Faux Leather Water Resistant Anti Theft Laptop Bag/Backpack for Men/Women-Navy,"1,030",4.4,"3,136"
76,5,https://www.amazon.in//Wildcraft-Packs18-Laptop-Backpack-Streak/dp/B07FC4D9B5/ref=sr_1_80_mod_primary_new?crid=2M096C61O4MLT&keywords=bags&qid=1679491605&sbo=RZvfv%2F%2FHxDF%2BO5021pAnSA%3D%3D&sprefix=ba%2Caps%2C283&sr=8-80,Wildcraft Work Packs'18 21 Ltrs Black Laptop Backpack (Streak Plus),"1,699",4.4,"1,905"
77,5,https://www.amazon.in//Zipline-Nexa-Resistant-Bagpack-Backpack/dp/B08WQ668WJ/ref=sr_1_81?crid=2M096C61O4MLT&keywords=bags&qid=1679491605&sprefix=ba%2Caps%2C283&sr=8-81,Zipline Unisex Casual Polyester 36 L Backpack School Bag Women Men Boys Girls Children Daypack College Bag Book School Sports Bag,843,3.7,740
78,5,https://www.amazon.in//Safari-Casual-Backpack-Charging-Resistant/dp/B09B2581S9/ref=sr_1_82?crid=2M096C61O4MLT&keywords=bags&qid=1679491605&sprefix=ba%2Caps%2C283&sr=8-82,"Safari Sneak Casual Backpack with USB Charging Port 26 Ltrs Water Resistant Fabric - Grey, L (SNEAK19CBGRE)",949,3.7,830
79,5,https://www.amazon.in//Gear-Workspace-Briefcase-Black-Red-BKPWRPHYD0101/dp/B097KGL2M5/ref=sr_1_83?crid=2M096C61O4MLT&keywords=bags&qid=1679491605&sprefix=ba%2Caps%2C283&sr=8-83,Gear Workspace 18L Water Resistant Laptop Bag/Backpack/Office Bag for Men/Women-Black,899,4.2,286
80,5,https://www.amazon.in//Gear-Vintage2-Leather-Backpack-LBPVG2LTH0101/dp/B07G44G1DC/ref=sr_1_84?crid=2M096C61O4MLT&keywords=bags&qid=1679491605&sprefix=ba%2Caps%2C283&sr=8-84,Gear Vintage2 28L Faux Leather Water Resistant Anti Theft Laptop Bag/Backpack for Men/Women-Black,"1,030",4.4,"1,691"
81,6,https://www.amazon.in//YuvKuz-TM-Infocus-Digitizer-Assembly/dp/B07MXNWTB2/ref=sr_1_123?crid=2M096C61O4MLT&keywords=bags&qid=1679491661&sprefix=ba%2Caps%2C283&sr=8-123,Lavie Women's Nova Tote Bag | Ladies Purse Handbag,999,4.2,"7,460"
82,6,https://www.amazon.in//VEZELA-Womens-Shoulder-Crossbody-Handbag/dp/B01MS1GRDW/ref=sr_1_124?crid=2M096C61O4MLT&keywords=bags&qid=1679491661&sprefix=ba%2Caps%2C283&sr=8-124,VEZELA Handbags for Women-Combo Pack of 4-Shoulder Bag Crossbody Bag Sling Bag Card Holder-Set of 4 Purse for Women-Golden,"1,948",4.0,578
83,6,https://www.amazon.in//House-Quirk-Electronics-Accessories-Organizer/dp/B07MMGBD1J/ref=sr_1_125?crid=2M096C61O4MLT&keywords=bags&qid=1679491661&sprefix=ba%2Caps%2C283&sr=8-125,"House of Quirk Electronics Accessories Organizer Bag, Universal Carry Travel Gadget Bag for Cables, Plug and More, Perfect Size Fits for Pad Phone Charger Hard Disk - Dark Blue",499,4.3,"6,773"
84,6,https://www.amazon.in//SFANE-Duffel-Shoulder-Women-Compartment/dp/B07ZC77WTW/ref=sr_1_126?crid=2M096C61O4MLT&keywords=bags&qid=1679491661&sprefix=ba%2Caps%2C283&sr=8-126,"SFANE Polyester 23 cms Navy Blue Gym Bag, Shoulder Bag, Sports Bag for Men & Women with Separate Shoes Compartment (Blue)",435,4.3,"3,168"
85,6,https://www.amazon.in//Half-Moon-Resistant-Backpack-Compartment/dp/B09GG53CSL/ref=sr_1_127?crid=2M096C61O4MLT&keywords=bags&qid=1679491661&sprefix=ba%2Caps%2C283&sr=8-127,Half Moon 34 L Water Resistant 15.6 inch Laptop Bag/Backpack for Men Women Boys Girls/Office School College with Padded Laptop Compartment (Grey),749,3.9,"1,218"
86,6,https://www.amazon.in//DZert-Girls-Polyester-White-Backpack/dp/B07H1BPCGQ/ref=sr_1_128?crid=2M096C61O4MLT&keywords=bags&qid=1679491661&sprefix=ba%2Caps%2C283&sr=8-128,DZert Clasy Laptop Bag College Bag for Boys Girls 21 L Nevy Blue,339,3.8,"2,292"
87,6,https://www.amazon.in//AirCase-C17-Laptop-Sleeve-Handle/dp/B07FJV79CX/ref=sr_1_129?crid=2M096C61O4MLT&keywords=bags&qid=1679491661&sprefix=ba%2Caps%2C283&sr=8-129,"AirCase Sleeve Messenger Bag with Handle & Detachable Shoulder Strap |for Upto 14"" Laptop/ MacBook | 3-in-1 use | 3 Zippered Spacious Pockets | Durable Nylon Padded Fabric, for Men & Women (Black)",778,4.1,"1,215"
88,6,https://www.amazon.in//Gear-Black-Casual-Backpack-MDBKPECO50104/dp/B0757MBSS6/ref=sr_1_130?crid=2M096C61O4MLT&keywords=bags&qid=1679491661&sprefix=ba%2Caps%2C283&sr=8-130,Gear Casual Backpack,404.,3.8,"2,082"
89,6,https://www.amazon.in//Storage-Disposable-Freezer-Feeding-Transparent/dp/B099ZVTNCP/ref=sr_1_131?crid=2M096C61O4MLT&keywords=bags&qid=1679491661&sprefix=ba%2Caps%2C283&sr=8-131,"Luv Lap Baby Breast Milk Storage Bags (Pack of 50), BPA Free Disposable Milk Freezer Bags for Breast Feeding, Transparent",569,4.4,563
90,6,https://www.amazon.in//Tinytot-School-Backpack-College-Multipurpose/dp/B09C5J2MN7/ref=sr_1_132?crid=2M096C61O4MLT&keywords=bags&qid=1679491661&sprefix=ba%2Caps%2C283&sr=8-132,Tinytot School Bag School Backpack College Backpack Travel Backpack Office Backpack Multipurpose Backpack Picnic Bag for Boys & Girls,589,4.3,292
91,6,https://www.amazon.in//Artistix-Backpack-Anti-Theft-Charging-Resistance/dp/B082PKX18C/ref=sr_1_133?crid=2M096C61O4MLT&keywords=bags&qid=1679491661&sprefix=ba%2Caps%2C283&sr=8-133,"Artistix Talon Anti Theft Design Laptop Backpack, With USB Charging Port (46 Cm, 25L,Black)",999,4.3,"2,965"
92,6,https://www.amazon.in//Protecta-Professional-15-6-inch-Briefcase-Geometric/dp/B07GNCRCP4/ref=sr_1_134?crid=2M096C61O4MLT&keywords=bags&qid=1679491661&sprefix=ba%2Caps%2C283&sr=8-134,Protecta The Professional Laptop Bag Briefcase for Laptops with Screen Size Up to 15.6 Inch (Black & Indian Geometric Print),674,4.4,"1,413"
93,6,https://www.amazon.in//Wesley-Milestone-Waterproof-Backpack-Business/dp/B07NJRPJ6Q/ref=sr_1_137?crid=2M096C61O4MLT&keywords=bags&qid=1679491661&sprefix=ba%2Caps%2C283&sr=8-137,Wesley Milestone 15.6 inch 25 L Casual Waterproof Laptop Backpack/Office Bag/School Bag/College Bag/Business Bag/Unisex Travel Backpack (Black),498,4.3,"12,356"
94,6,https://www.amazon.in//Aristocrat-Zeal-Unisex-Grey-Laptop/dp/B0B5YHC1W5/ref=sr_1_138?crid=2M096C61O4MLT&keywords=bags&qid=1679491661&sprefix=ba%2Caps%2C283&sr=8-138,Aristrocrat Unisex Laptop Bag Grey,799,4.4,18
95,6,https://www.amazon.in//Red-Lemon-Polyester-15-6-inch-Waterproof/dp/B07XYY2FW4/ref=sr_1_139?crid=2M096C61O4MLT&keywords=bags&qid=1679491661&sprefix=ba%2Caps%2C283&sr=8-139,Red Lemon Polyester Bange Series 15.6inch Laptop Bag for Men 35 LTR Capacity Daily Office Bag for Men and Women Black (1903),"2,849",4.2,160
96,6,https://www.amazon.in//Business-Casual-Resistant-Laptop-Backpack/dp/B0862V2GKH/ref=sr_1_140?crid=2M096C61O4MLT&keywords=bags&qid=1679491661&sprefix=ba%2Caps%2C283&sr=8-140,Mi Business Casual 21L Water Resistant Laptop Backpack (Blue),"1,049",4.4,"6,172"
97,6,https://www.amazon.in//Half-Moon-Trekking-Bags-Compartment/dp/B08PSX1LN9/ref=sr_1_141?crid=2M096C61O4MLT&keywords=bags&qid=1679491661&sprefix=ba%2Caps%2C283&sr=8-141,Half Moon 45L Hammer Waterproof Laptop Travelling Rucksack Trekking Backpack for Travel Journey bags for Men Women Boys & Girls with 17.3inch Laptop Compartment & Rain cover,"1,299",4.1,"1,017"
98,6,https://www.amazon.in//Lenovo-Laptop-Backpack-15-6-Inch-GX40Q17227/dp/B075Y6SRMG/ref=sr_1_142?crid=2M096C61O4MLT&keywords=bags&qid=1679491661&sprefix=ba%2Caps%2C283&sr=8-142,Lenovo Casual Laptop Backpack B210 39.62 cm (15.6) -inch Water Repellent Grey,783,4.2,"54,802"
99,6,https://www.amazon.in//Lunars-Bingo-Laptop-Resistant-48L/dp/B08YZ5XY31/ref=sr_1_143?crid=2M096C61O4MLT&keywords=bags&qid=1679491661&sprefix=ba%2Caps%2C283&sr=8-143,Lunar's Bingo - 48 L Laptop Office/School/Travel/Business Backpack Water Resistant - Fits Up to 15.6 Inch Laptop Notebook with 1 Year Warranty,899,3.9,"9,061"
100,6,https://www.amazon.in//Half-Moon-Curiosity-Backpack-Resistant/dp/B09S3ZK3N1/ref=sr_1_144?crid=2M096C61O4MLT&keywords=bags&qid=1679491661&sprefix=ba%2Caps%2C283&sr=8-144,"Half Moon Curiosity 35L Water Resistant 15.6"" Laptop Bag for Men/Backpack for Men, Black | Office Bag for Men/Office Bag for Women with Padded Laptop Compartment | Rain Cover & Slim Durable Backpack",849,3.7,170
101,6,https://www.amazon.in//Expandable-Backpack-Water-resistant-Business-Charging/dp/B0B6FNB898/ref=sr_1_145?crid=2M096C61O4MLT&keywords=bags&qid=1679491661&sprefix=ba%2Caps%2C283&sr=8-145,"Arctic Hunter Laptop Bag Expandable Backpack for 16 inch Lapotp 40L Travel Backpack Water-resistant Business School Backpack with USB Port for Men and Women,Black","3,324",4.2,22
102,6,https://www.amazon.in//Gear-Classic-Leather-Backpack-LBPCLSLTH0101/dp/B07G4D13LB/ref=sr_1_146?crid=2M096C61O4MLT&keywords=bags&qid=1679491661&sprefix=ba%2Caps%2C283&sr=8-146,Gear Classic 20L Faux Leather Water Resistant Anti Theft Laptop Bag/Backpack for Men/Women-Black,"1,030",4.4,"2,612"
103,6,https://www.amazon.in//F-Gear-String-Polyester-33-cms-Black-Drawstring-Gym-Bag/dp/B07PC28YQ9/ref=sr_1_147?crid=2M096C61O4MLT&keywords=bags&qid=1679491661&sprefix=ba%2Caps%2C283&sr=8-147,F Gear String 11 Ltrs Nylon Black Gym Bag,189,4.0,438
104,6,https://www.amazon.in//SBCOLLECTION-Premium-Backpack-Water-Resistance-Business/dp/B0BXL5B1J4/ref=sr_1_148?crid=2M096C61O4MLT&keywords=bags&qid=1679491661&sprefix=ba%2Caps%2C283&sr=8-148,SBCOLLECTION Premium School College Office Laptop Daily Use Backpack for All Day Traveler,229,4.5,3
105,7,https://www.amazon.in//SBCOLLECTION-Premium-Backpack-Water-Resistance-Business/dp/B0BXL5B1J4/ref=sr_1_147?crid=2M096C61O4MLT&keywords=bags&qid=1679491743&sprefix=ba%2Caps%2C283&sr=8-147,SBCOLLECTION Premium School College Office Laptop Daily Use Backpack for All Day Traveler,229,4.5,3
106,7,https://www.amazon.in//Genie-Clara-Backpack-Women-compartments/dp/B097JJGR1N/ref=sr_1_148?crid=2M096C61O4MLT&keywords=bags&qid=1679491743&sprefix=ba%2Caps%2C283&sr=8-148,"Genie Clara Backpack for Women - 3 compartments, Laptop Bags for Girls, Stylish and Trendy College Backpacks for Girls, Water Resistant and Lightweight Bags for Office and Travelling Purpose.","1,025",4.2,58
107,7,https://www.amazon.in//BP1501-15-6-inch-Gaming-Laptop-Backpack/dp/B081RLHHCY/ref=sr_1_149?crid=2M096C61O4MLT&keywords=bags&qid=1679491743&sprefix=ba%2Caps%2C283&sr=8-149,Asus ROG BP1501 39.62 cm (15.6-inch) Gaming Laptop Backpack (Black),"1,499",4.3,876
108,7,https://www.amazon.in//Farraige%C2%AE-Silicone-Crossbody-Waterproof-Stationery/dp/B0B4G8W6MQ/ref=sr_1_150?crid=2M096C61O4MLT&keywords=bags&qid=1679491743&sprefix=ba%2Caps%2C283&sr=8-150,Farraige® Cartoon Soft Silicone Bag Crossbody Shoulder Bag Purse Waterproof Anti Fall Stationery Storage Bag Handbag Sweet Birthday Gift for Children Students Girls,684,4.5,26
109,7,https://www.amazon.in//POLESTAR-backpack-Backpack-College-Students/dp/B08X2JSJ6N/ref=sr_1_151?crid=2M096C61O4MLT&keywords=bags&qid=1679491743&sprefix=ba%2Caps%2C283&sr=8-151,"POLESTAR Leader 34 L Bag for College, School, Office, Casual Multipurpose Backpack with 15.6"" Laptop Compartment, Water Resistant, Unisex Design, Stylish & Durable, 1 Year Warranty",599,4.1,"3,432"
110,7,https://www.amazon.in//Gear-Classic-Leather-Backpack-LBPCLSLTH0101/dp/B07G4D13LB/ref=sr_1_152?crid=2M096C61O4MLT&keywords=bags&qid=1679491743&sprefix=ba%2Caps%2C283&sr=8-152,Gear Classic 20L Faux Leather Water Resistant Anti Theft Laptop Bag/Backpack for Men/Women-Black,"1,030",4.4,"2,612"
111,7,https://www.amazon.in//uppercase-Backpack-2300EBP1-resistant-sustainable/dp/B0BWNCV31F/ref=sr_1_153?crid=2M096C61O4MLT&keywords=bags&qid=1679491743&sprefix=ba%2Caps%2C283&sr=8-153,"uppercase Medium 17 Ltrs Vegan Leather (upto 14 inch) Laptop Backpack 2300EBP1 3x more water resistant sustainable bags with rain proof zippers for Men, Women, Boys and Girls, 750 Days warranty","1,600",4.0,374
112,7,https://www.amazon.in//Baggit-Womens-Laptop-Bag-Large/dp/B0BNTPMT2G/ref=sr_1_154?crid=2M096C61O4MLT&keywords=bags&qid=1679491743&sprefix=ba%2Caps%2C283&sr=8-154,Baggit Women's Laptop Bag - Large (Blue),979,1.0,1
113,7,https://www.amazon.in//Storite-Leather-Sling-Coffee-Brown/dp/B0983N9GXN/ref=sr_1_155?crid=2M096C61O4MLT&keywords=bags&qid=1679491743&sprefix=ba%2Caps%2C283&sr=8-155,"Storite Stylish Small PU Leather Sling Cross Body Travel Office One Side Shoulder Bag for Men Women (25 cm x 11 cm x 20 cm, Coffee Brown)",799,4.0,558
114,7,https://www.amazon.in//Police-Polyester-laptop-casual-backpack/dp/B09CQ5T3LN/ref=sr_1_156?crid=2M096C61O4MLT&keywords=bags&qid=1679491743&sprefix=ba%2Caps%2C283&sr=8-156,POLICE Backpack for Men Casual Laptop Bag Office/Travel/College 30 Ltr Hedge Polyester - Black,"1,399",4.1,"5,299"
115,7,https://www.amazon.in//ADISA-Laptop-Backpack-Office-College/dp/B0BPTT2HZY/ref=sr_1_157?crid=2M096C61O4MLT&keywords=bags&qid=1679491743&sprefix=ba%2Caps%2C283&sr=8-157,ADISA 35L Large Laptop Backpack Office Bag College Travel Back Pack with rain Cover (Navy),599,3.9,36
116,7,https://www.amazon.in//LL-LEATHER-LAND-DESIGNER-BAGS/dp/B0BD4TTDHD/ref=sr_1_158?crid=2M096C61O4MLT&keywords=bags&qid=1679491743&sprefix=ba%2Caps%2C283&sr=8-158,LL LEATHER LAND DESIGNER BAGS Women Sling Bag,299,4.0,"1,631"
117,7,https://www.amazon.in//Trunkit-Resistance-Trekking-Compartment-Rucksack/dp/B09NRVW114/ref=sr_1_161?crid=2M096C61O4MLT&keywords=bags&qid=1679491743&sprefix=ba%2Caps%2C283&sr=8-161,Trunkit High Water Resistance Trekking Hiking Travel Bag With Shoe Compartment Rucksack,559,4.1,64
119,7,https://www.amazon.in//Scratch-Resistant-Anti-Theft-Shoulder-Earphone/dp/B084RHGTCQ/ref=sr_1_163?crid=2M096C61O4MLT&keywords=bags&qid=1679491743&sprefix=ba%2Caps%2C283&sr=8-163,"Arctic Hunter Sling Bag for Men,Chest Bag for Men Crossbody Bag for Men Stylish Shoulder Bag for Men Water&Scratch Resistant,Anti-Theft Mens Sling Bag Side Bag with USB Charging Port Earphone Port Fit Up to 10inch iPad.Black","1,804",4.5,529
120,7,https://www.amazon.in//Victorinox-Nylon-Black-Laptop-31322601/dp/B004UCORV2/ref=sr_1_164?crid=2M096C61O4MLT&keywords=bags&qid=1679491743&sprefix=ba%2Caps%2C283&sr=8-164,Victorinox Nylon Black Laptop Bag (31322601),"25,320",4.5,11
121,7,https://www.amazon.in//bg1905-Capacity-Laptop-Travelling-Backpack/dp/B082MKHDJ1/ref=sr_1_165?crid=2M096C61O4MLT&keywords=bags&qid=1679491743&sprefix=ba%2Caps%2C283&sr=8-165,TSPARK Red Lemon bg1905 15.6 inch 35 LTR Capacity Laptop Bag for Men Travelling Hiking Backpack for Men and Women,"2,849",4.3,65
122,7,https://www.amazon.in//Safari-Overnighter-Resistant-Travelling-All-Purpose/dp/B097JM98M1/ref=sr_1_166?crid=2M096C61O4MLT&keywords=bags&qid=1679491743&sprefix=ba%2Caps%2C283&sr=8-166,"Safari Seek 32 Ltrs Overnighter Travel Laptop Backpack (Blue), Water Resistant Spacious Bag for Travelling and Camping, All-Purpose Bag for Business & Leisure","1,839",4.3,77
123,7,https://www.amazon.in//Business-Casual-Resistant-Laptop-Backpack/dp/B0862V2GKH/ref=sr_1_167?crid=2M096C61O4MLT&keywords=bags&qid=1679491743&sprefix=ba%2Caps%2C283&sr=8-167,Mi Business Casual 21L Water Resistant Laptop Backpack (Blue),"1,049",4.4,"6,172"
124,7,https://www.amazon.in//Gear-Vintage2-Leather-Backpack-LBPVG2LTH1901/dp/B07G4F3758/ref=sr_1_168?crid=2M096C61O4MLT&keywords=bags&qid=1679491743&sprefix=ba%2Caps%2C283&sr=8-168,Gear Vintage2 Anti Theft Faux Leather 18 cms Tan Laptop Backpack,"1,075",4.3,"1,462"
125,7,https://www.amazon.in//Aircase-Backpack-Rucksack-Anti-Theft-Charging/dp/B07SX3X79F/ref=sr_1_169?crid=2M096C61O4MLT&keywords=bags&qid=1679491743&sprefix=ba%2Caps%2C283&sr=8-169,"AirCase Laptop bag Anti Theft Backpack for Office College & Travel fits upto 15.6"" Laptop/Macbook, Waterproof, Durable, Multi-Pockets, 180° open (Black)- 1 Yr warranty","1,199",4.3,160
126,7,https://www.amazon.in//Heart-Home-Printed-Backpack-HS_38_HEARTH21105/dp/B095CGX9RT/ref=sr_1_170?crid=2M096C61O4MLT&keywords=bags&qid=1679491743&sprefix=ba%2Caps%2C283&sr=8-170,Heart Home Rexien Disney Mickey Mouse Printed Kids School Bag|Zipper Closure With 3 Comparments|Size 27 x 22 x 40 CM (Green)-HS_38_HEARTH21105,697,3.9,182
127,7,https://www.amazon.in//Half-Moon-Trekking-Bags-Compartment/dp/B08PSX1LN9/ref=sr_1_171?crid=2M096C61O4MLT&keywords=bags&qid=1679491743&sprefix=ba%2Caps%2C283&sr=8-171,Half Moon 45L Hammer Waterproof Laptop Travelling Rucksack Trekking Backpack for Travel Journey bags for Men Women Boys & Girls with 17.3inch Laptop Compartment & Rain cover,"1,299",4.1,"1,017"
128,7,https://www.amazon.in//ADISA-BP004-Weight-Casual-Backpack/dp/B07G3F1G7T/ref=sr_1_172?crid=2M096C61O4MLT&keywords=bags&qid=1679491743&sprefix=ba%2Caps%2C283&sr=8-172,ADISA Laptop Backpack 31 Ltrs,499,4.0,"9,090"
129,8,https://www.amazon.in//Amazon-Basics-Professional-Backpack-15-inch-Laptop/dp/B09W4WB3K5/ref=sr_1_115?crid=2M096C61O4MLT&keywords=bags&qid=1679491824&sprefix=ba%2Caps%2C283&sr=8-115,"Amazon Basics - Laptop Backpack/College Bag/Travel Bag for 15.6-inch Laptop, Water-Resistant, Casual","1,349",3.5,5
130,8,https://www.amazon.in//Wesley-Milestone-Waterproof-Backpack-Business/dp/B07K8KLB3P/ref=sr_1_116?crid=2M096C61O4MLT&keywords=bags&qid=1679491824&sprefix=ba%2Caps%2C283&sr=8-116,"Wesley Unisex Milestone Casual Waterproof Laptop Office School College Business Travel Backpack 25 L (Dimensions: 12.5x18 inches) (Compatible with 15.6 inch laptops), Navy Blue",448,4.3,"12,356"
131,8,https://www.amazon.in//Wooum-Resisitance-Shoulder-Business-Messenger/dp/B0993Q72WD/ref=sr_1_117?crid=2M096C61O4MLT&keywords=bags&qid=1679491824&sprefix=ba%2Caps%2C283&sr=8-117,Wooum Sling Cross Body Bag/One Side Bag/Shoulder Bag/Office Business Messenger Bag/Money Bag for Men and Women - Water Resisitance,328.,4.0,617
132,8,https://www.amazon.in//Lenovo-Professional-Backpack-Water-resistant-Uncompromised/dp/B08R7S55H4/ref=sr_1_118?crid=2M096C61O4MLT&keywords=bags&qid=1679491824&sprefix=ba%2Caps%2C283&sr=8-118,"Lenovo 15.6"" Professional Backpack, Made in India, Water-resistant,Uncompromised storage, Travel friendly:Fleece-lined PC compartment,Vented,Padded BackPanel & Adjustable shoulder straps,Luggage strap",991,4.2,715
133,8,https://www.amazon.in//TRAWOC-Backpack-Trekking-Rucksack-Warranty/dp/B0847PGZZM/ref=sr_1_119?crid=2M096C61O4MLT&keywords=bags&qid=1679491824&sprefix=ba%2Caps%2C283&sr=8-119,TRAWOC 80L Travel Backpack for Men & Women Outdoor Sport Camp Hiking Trekking Bag Camping Rucksack,"2,380",4.4,"6,936"
134,8,https://www.amazon.in//POLESTAR-%C3%82-POLESTAR-Ranker-Bagpack-Backpack/dp/B084C84GTR/ref=sr_1_120?crid=2M096C61O4MLT&keywords=bags&qid=1679491824&sprefix=ba%2Caps%2C283&sr=8-120,"POLESTAR Ranker 15.6 inch 32 LTR Casual Laptop Backpack/Office Bag/School Bag/College Bag/Business Bag/Unisex Backpack, Water Resistant and Light Weight, 1 year Warranty",669,4.1,"7,617"
135,8,https://www.amazon.in//Bagneeds-Synthetic-Leather-Briefcase-Messenger/dp/B0855F8174/ref=sr_1_121?crid=2M096C61O4MLT&keywords=bags&qid=1679491824&sprefix=ba%2Caps%2C283&sr=8-121,Bagneeds Men's Black Synthetic Leather Briefcase Best Laptop Messenger Bag Satchel for Men,664,4.1,"3,861"
136,8,https://www.amazon.in//YuvKuz-TM-Infocus-Digitizer-Assembly/dp/B07MXNWTB2/ref=sr_1_122?crid=2M096C61O4MLT&keywords=bags&qid=1679491824&sprefix=ba%2Caps%2C283&sr=8-122,Lavie Women's Nova Tote Bag | Ladies Purse Handbag,999,4.2,"7,460"
137,8,https://www.amazon.in//House-Quirk-Electronics-Accessories-Organizer/dp/B07MMGBD1J/ref=sr_1_125?crid=2M096C61O4MLT&keywords=bags&qid=1679491824&sprefix=ba%2Caps%2C283&sr=8-125,"House of Quirk Electronics Accessories Organizer Bag, Universal Carry Travel Gadget Bag for Cables, Plug and More, Perfect Size Fits for Pad Phone Charger Hard Disk - Dark Blue",499,4.3,"6,773"
138,8,https://www.amazon.in//SFANE-Duffel-Shoulder-Women-Compartment/dp/B07ZC77WTW/ref=sr_1_126?crid=2M096C61O4MLT&keywords=bags&qid=1679491824&sprefix=ba%2Caps%2C283&sr=8-126,"SFANE Polyester 23 cms Navy Blue Gym Bag, Shoulder Bag, Sports Bag for Men & Women with Separate Shoes Compartment (Blue)",435,4.3,"3,168"
139,8,https://www.amazon.in//Half-Moon-Resistant-Backpack-Compartment/dp/B09GG53CSL/ref=sr_1_127?crid=2M096C61O4MLT&keywords=bags&qid=1679491824&sprefix=ba%2Caps%2C283&sr=8-127,Half Moon 34 L Water Resistant 15.6 inch Laptop Bag/Backpack for Men Women Boys Girls/Office School College with Padded Laptop Compartment (Grey),749,3.9,"1,218"
140,8,https://www.amazon.in//DZert-Girls-Polyester-White-Backpack/dp/B07H1BPCGQ/ref=sr_1_128?crid=2M096C61O4MLT&keywords=bags&qid=1679491824&sprefix=ba%2Caps%2C283&sr=8-128,DZert Clasy Laptop Bag College Bag for Boys Girls 21 L Nevy Blue,339,3.8,"2,292"
141,8,https://www.amazon.in//AirCase-C17-Laptop-Sleeve-Handle/dp/B07FJV79CX/ref=sr_1_129?crid=2M096C61O4MLT&keywords=bags&qid=1679491824&sprefix=ba%2Caps%2C283&sr=8-129,"AirCase Sleeve Messenger Bag with Handle & Detachable Shoulder Strap |for Upto 14"" Laptop/ MacBook | 3-in-1 use | 3 Zippered Spacious Pockets | Durable Nylon Padded Fabric, for Men & Women (Black)",778,4.1,"1,215"
142,8,https://www.amazon.in//Gear-Black-Casual-Backpack-MDBKPECO50104/dp/B0757MBSS6/ref=sr_1_130?crid=2M096C61O4MLT&keywords=bags&qid=1679491824&sprefix=ba%2Caps%2C283&sr=8-130,Gear Casual Backpack,404.,3.8,"2,082"
143,8,https://www.amazon.in//Storage-Disposable-Freezer-Feeding-Transparent/dp/B099ZVTNCP/ref=sr_1_131?crid=2M096C61O4MLT&keywords=bags&qid=1679491824&sprefix=ba%2Caps%2C283&sr=8-131,"Luv Lap Baby Breast Milk Storage Bags (Pack of 50), BPA Free Disposable Milk Freezer Bags for Breast Feeding, Transparent",569,4.4,563
144,8,https://www.amazon.in//Tinytot-School-Backpack-College-Multipurpose/dp/B09C5J2MN7/ref=sr_1_132?crid=2M096C61O4MLT&keywords=bags&qid=1679491824&sprefix=ba%2Caps%2C283&sr=8-132,Tinytot School Bag School Backpack College Backpack Travel Backpack Office Backpack Multipurpose Backpack Picnic Bag for Boys & Girls,589,4.3,292
145,9,https://www.amazon.in//Gear-Black-Casual-Backpack-MDBKPECO50104/dp/B0757MBSS6/ref=sr_1_131?crid=2M096C61O4MLT&keywords=bags&qid=1679491880&sprefix=ba%2Caps%2C283&sr=8-131,Gear Casual Backpack,404.,3.8,"2,082"
146,9,https://www.amazon.in//Storage-Disposable-Freezer-Feeding-Transparent/dp/B099ZVTNCP/ref=sr_1_132?crid=2M096C61O4MLT&keywords=bags&qid=1679491880&sprefix=ba%2Caps%2C283&sr=8-132,"Luv Lap Baby Breast Milk Storage Bags (Pack of 50), BPA Free Disposable Milk Freezer Bags for Breast Feeding, Transparent",569,4.4,563
147,9,https://www.amazon.in//Tinytot-School-Backpack-College-Multipurpose/dp/B09C5J2MN7/ref=sr_1_133?crid=2M096C61O4MLT&keywords=bags&qid=1679491880&sprefix=ba%2Caps%2C283&sr=8-133,Tinytot School Bag School Backpack College Backpack Travel Backpack Office Backpack Multipurpose Backpack Picnic Bag for Boys & Girls,589,4.3,292
148,9,https://www.amazon.in//Artistix-Backpack-Anti-Theft-Charging-Resistance/dp/B082PKX18C/ref=sr_1_134?crid=2M096C61O4MLT&keywords=bags&qid=1679491880&sprefix=ba%2Caps%2C283&sr=8-134,"Artistix Talon Anti Theft Design Laptop Backpack, With USB Charging Port (46 Cm, 25L,Black)",999,4.3,"2,964"
149,9,https://www.amazon.in//Protecta-Professional-15-6-inch-Briefcase-Geometric/dp/B07GNCRCP4/ref=sr_1_135?crid=2M096C61O4MLT&keywords=bags&qid=1679491880&sprefix=ba%2Caps%2C283&sr=8-135,Protecta The Professional Laptop Bag Briefcase for Laptops with Screen Size Up to 15.6 Inch (Black & Indian Geometric Print),674,4.4,"1,413"
150,9,https://www.amazon.in//Wesley-Milestone-Waterproof-Backpack-Business/dp/B07NJRPJ6Q/ref=sr_1_136?crid=2M096C61O4MLT&keywords=bags&qid=1679491880&sprefix=ba%2Caps%2C283&sr=8-136,Wesley Milestone 15.6 inch 25 L Casual Waterproof Laptop Backpack/Office Bag/School Bag/College Bag/Business Bag/Unisex Travel Backpack (Black),498,4.3,"12,356"
151,9,https://www.amazon.in//Aristocrat-Zeal-Unisex-Grey-Laptop/dp/B0B5YHC1W5/ref=sr_1_137?crid=2M096C61O4MLT&keywords=bags&qid=1679491880&sprefix=ba%2Caps%2C283&sr=8-137,Aristrocrat Unisex Laptop Bag Grey,799,4.4,18
152,9,https://www.amazon.in//Red-Lemon-Polyester-15-6-inch-Waterproof/dp/B07XYY2FW4/ref=sr_1_138?crid=2M096C61O4MLT&keywords=bags&qid=1679491880&sprefix=ba%2Caps%2C283&sr=8-138,Red Lemon Polyester Bange Series 15.6inch Laptop Bag for Men 35 LTR Capacity Daily Office Bag for Men and Women Black (1903),"2,849",4.2,160
153,9,https://www.amazon.in//Business-Casual-Resistant-Laptop-Backpack/dp/B0862V2GKH/ref=sr_1_141?crid=2M096C61O4MLT&keywords=bags&qid=1679491880&sprefix=ba%2Caps%2C283&sr=8-141,Mi Business Casual 21L Water Resistant Laptop Backpack (Blue),"1,049",4.4,"6,172"
154,9,https://www.amazon.in//Half-Moon-Trekking-Bags-Compartment/dp/B08PSX1LN9/ref=sr_1_142?crid=2M096C61O4MLT&keywords=bags&qid=1679491880&sprefix=ba%2Caps%2C283&sr=8-142,Half Moon 45L Hammer Waterproof Laptop Travelling Rucksack Trekking Backpack for Travel Journey bags for Men Women Boys & Girls with 17.3inch Laptop Compartment & Rain cover,"1,299",4.1,"1,017"
155,9,https://www.amazon.in//Lenovo-Laptop-Backpack-15-6-Inch-GX40Q17227/dp/B075Y6SRMG/ref=sr_1_143?crid=2M096C61O4MLT&keywords=bags&qid=1679491880&sprefix=ba%2Caps%2C283&sr=8-143,Lenovo Casual Laptop Backpack B210 39.62 cm (15.6) -inch Water Repellent Grey,783,4.2,"54,802"
156,9,https://www.amazon.in//Lunars-Bingo-Laptop-Resistant-48L/dp/B08YZ5XY31/ref=sr_1_144?crid=2M096C61O4MLT&keywords=bags&qid=1679491880&sprefix=ba%2Caps%2C283&sr=8-144,Lunar's Bingo - 48 L Laptop Office/School/Travel/Business Backpack Water Resistant - Fits Up to 15.6 Inch Laptop Notebook with 1 Year Warranty,899,3.9,"9,061"
157,9,https://www.amazon.in//Half-Moon-Curiosity-Backpack-Resistant/dp/B09S3ZK3N1/ref=sr_1_145?crid=2M096C61O4MLT&keywords=bags&qid=1679491880&sprefix=ba%2Caps%2C283&sr=8-145,"Half Moon Curiosity 35L Water Resistant 15.6"" Laptop Bag for Men/Backpack for Men, Black | Office Bag for Men/Office Bag for Women with Padded Laptop Compartment | Rain Cover & Slim Durable Backpack",849,3.7,170
158,9,https://www.amazon.in//Expandable-Backpack-Water-resistant-Business-Charging/dp/B0B6FNB898/ref=sr_1_146?crid=2M096C61O4MLT&keywords=bags&qid=1679491880&sprefix=ba%2Caps%2C283&sr=8-146,"Arctic Hunter Laptop Bag Expandable Backpack for 16 inch Lapotp 40L Travel Backpack Water-resistant Business School Backpack with USB Port for Men and Women,Black","3,324",4.2,22
159,9,https://www.amazon.in//Gear-Classic-Leather-Backpack-LBPCLSLTH0101/dp/B07G4D13LB/ref=sr_1_147?crid=2M096C61O4MLT&keywords=bags&qid=1679491880&sprefix=ba%2Caps%2C283&sr=8-147,Gear Classic 20L Faux Leather Water Resistant Anti Theft Laptop Bag/Backpack for Men/Women-Black,"1,030",4.4,"2,612"
160,9,https://www.amazon.in//F-Gear-String-Polyester-33-cms-Black-Drawstring-Gym-Bag/dp/B07PC28YQ9/ref=sr_1_148?crid=2M096C61O4MLT&keywords=bags&qid=1679491880&sprefix=ba%2Caps%2C283&sr=8-148,F Gear String 11 Ltrs Nylon Black Gym Bag,189,4.0,438
161,10,https://www.amazon.in//SBCOLLECTION-Premium-Backpack-Water-Resistance-Business/dp/B0BXL5B1J4/ref=sr_1_147?crid=2M096C61O4MLT&keywords=bags&qid=1679491936&sprefix=ba%2Caps%2C283&sr=8-147,SBCOLLECTION Premium School College Office Laptop Daily Use Backpack for All Day Traveler,229,4.5,3
162,10,https://www.amazon.in//BP1501-15-6-inch-Gaming-Laptop-Backpack/dp/B081RLHHCY/ref=sr_1_148?crid=2M096C61O4MLT&keywords=bags&qid=1679491936&sprefix=ba%2Caps%2C283&sr=8-148,Asus ROG BP1501 39.62 cm (15.6-inch) Gaming Laptop Backpack (Black),"1,499",4.3,876
163,10,https://www.amazon.in//Gear-Classic-Leather-Backpack-LBPCLSLTH0101/dp/B07G4D13LB/ref=sr_1_149?crid=2M096C61O4MLT&keywords=bags&qid=1679491936&sprefix=ba%2Caps%2C283&sr=8-149,Gear Classic 20L Faux Leather Water Resistant Anti Theft Laptop Bag/Backpack for Men/Women-Black,"1,030",4.4,"2,612"
164,10,https://www.amazon.in//uppercase-Backpack-2300EBP1-resistant-sustainable/dp/B0BWNCV31F/ref=sr_1_150?crid=2M096C61O4MLT&keywords=bags&qid=1679491936&sprefix=ba%2Caps%2C283&sr=8-150,"uppercase Medium 17 Ltrs Vegan Leather (upto 14 inch) Laptop Backpack 2300EBP1 3x more water resistant sustainable bags with rain proof zippers for Men, Women, Boys and Girls, 750 Days warranty","1,600",4.0,374
165,10,https://www.amazon.in//POLESTAR-backpack-Backpack-College-Students/dp/B08X2JSJ6N/ref=sr_1_151?crid=2M096C61O4MLT&keywords=bags&qid=1679491936&sprefix=ba%2Caps%2C283&sr=8-151,"POLESTAR Leader 34 L Bag for College, School, Office, Casual Multipurpose Backpack with 15.6"" Laptop Compartment, Water Resistant, Unisex Design, Stylish & Durable, 1 Year Warranty",599,4.1,"3,432"
166,10,https://www.amazon.in//Baggit-Womens-Laptop-Bag-Large/dp/B0BNTPMT2G/ref=sr_1_152?crid=2M096C61O4MLT&keywords=bags&qid=1679491936&sprefix=ba%2Caps%2C283&sr=8-152,Baggit Women's Laptop Bag - Large (Blue),979,1.0,1
167,10,https://www.amazon.in//ADISA-Laptop-Backpack-Office-College/dp/B0BPTT2HZY/ref=sr_1_153?crid=2M096C61O4MLT&keywords=bags&qid=1679491936&sprefix=ba%2Caps%2C283&sr=8-153,ADISA 35L Large Laptop Backpack Office Bag College Travel Back Pack with rain Cover (Navy),599,3.9,36
168,10,https://www.amazon.in//Storite-Leather-Sling-Coffee-Brown/dp/B0983N9GXN/ref=sr_1_154?crid=2M096C61O4MLT&keywords=bags&qid=1679491936&sprefix=ba%2Caps%2C283&sr=8-154,"Storite Stylish Small PU Leather Sling Cross Body Travel Office One Side Shoulder Bag for Men Women (25 cm x 11 cm x 20 cm, Coffee Brown)",799,4.0,558
169,10,https://www.amazon.in//Police-Polyester-laptop-casual-backpack/dp/B09CQ5T3LN/ref=sr_1_157?crid=2M096C61O4MLT&keywords=bags&qid=1679491936&sprefix=ba%2Caps%2C283&sr=8-157,POLICE Backpack for Men Casual Laptop Bag Office/Travel/College 30 Ltr Hedge Polyester - Black,"1,399",4.1,"5,299"
170,10,https://www.amazon.in//Trunkit-Resistance-Trekking-Compartment-Rucksack/dp/B09NRVW114/ref=sr_1_158?crid=2M096C61O4MLT&keywords=bags&qid=1679491936&sprefix=ba%2Caps%2C283&sr=8-158,Trunkit High Water Resistance Trekking Hiking Travel Bag With Shoe Compartment Rucksack,559,4.1,64
172,10,https://www.amazon.in//LL-LEATHER-LAND-DESIGNER-BAGS/dp/B0BD4TTDHD/ref=sr_1_160?crid=2M096C61O4MLT&keywords=bags&qid=1679491936&sprefix=ba%2Caps%2C283&sr=8-160,LL LEATHER LAND DESIGNER BAGS Women Sling Bag,299,4.0,"1,631"
173,10,https://www.amazon.in//Victorinox-Nylon-Black-Laptop-31322601/dp/B004UCORV2/ref=sr_1_161?crid=2M096C61O4MLT&keywords=bags&qid=1679491936&sprefix=ba%2Caps%2C283&sr=8-161,Victorinox Nylon Black Laptop Bag (31322601),"25,320",4.5,11
174,10,https://www.amazon.in//bg1905-Capacity-Laptop-Travelling-Backpack/dp/B082MKHDJ1/ref=sr_1_162?crid=2M096C61O4MLT&keywords=bags&qid=1679491936&sprefix=ba%2Caps%2C283&sr=8-162,TSPARK Red Lemon bg1905 15.6 inch 35 LTR Capacity Laptop Bag for Men Travelling Hiking Backpack for Men and Women,"2,849",4.3,65
175,10,https://www.amazon.in//Farraige%C2%AE-Silicone-Crossbody-Waterproof-Stationery/dp/B0B4G8W6MQ/ref=sr_1_163?crid=2M096C61O4MLT&keywords=bags&qid=1679491936&sprefix=ba%2Caps%2C283&sr=8-163,Farraige® Cartoon Soft Silicone Bag Crossbody Shoulder Bag Purse Waterproof Anti Fall Stationery Storage Bag Handbag Sweet Birthday Gift for Children Students Girls,684,4.5,26
176,10,https://www.amazon.in//Scratch-Resistant-Anti-Theft-Shoulder-Earphone/dp/B084RHGTCQ/ref=sr_1_164?crid=2M096C61O4MLT&keywords=bags&qid=1679491936&sprefix=ba%2Caps%2C283&sr=8-164,"Arctic Hunter Sling Bag for Men,Chest Bag for Men Crossbody Bag for Men Stylish Shoulder Bag for Men Water&Scratch Resistant,Anti-Theft Mens Sling Bag Side Bag with USB Charging Port Earphone Port Fit Up to 10inch iPad.Black","1,804",4.5,529
177,11,https://www.amazon.in//ADISA-BP004-Weight-Casual-Backpack/dp/B07G3F1G7T/ref=sr_1_163?crid=2M096C61O4MLT&keywords=bags&qid=1679491990&sprefix=ba%2Caps%2C283&sr=8-163,ADISA Laptop Backpack 31 Ltrs,499,4.0,"9,090"
178,11,https://www.amazon.in//Gear-Colorado-Orange-Laptop-Backpack/dp/B097K6KD7W/ref=sr_1_164?crid=2M096C61O4MLT&keywords=bags&qid=1679491990&sprefix=ba%2Caps%2C283&sr=8-164,F Gear Colorado Grey Orange 39 Ltrs Laptop Backpack (3814),560,4.3,111
179,11,https://www.amazon.in//Gear-Compact-Business-Backpack-BUSCOMPACT052/dp/B08D76WDTV/ref=sr_1_165?crid=2M096C61O4MLT&keywords=bags&qid=1679491990&sprefix=ba%2Caps%2C283&sr=8-165,Gear Compact Business 18L Water Resistant Laptop Bag/Backpack/Office Bag For Men/Women - Indiaink,684,4.2,"1,084"
180,11,https://www.amazon.in//Resistant-Outdoor-Shoulder-Unbalance-Earphone/dp/B07TT785P7/ref=sr_1_166?crid=2M096C61O4MLT&keywords=bags&qid=1679491990&sprefix=ba%2Caps%2C283&sr=8-166,"Arctic Hunter Mens Sling Bag Small Chest Bag Shoulder Bag Mobile Bag Side Bag for Men with Earphone Port Water Resistant for Everyday Use Small Items and Small Electronic Product,Black","1,139",4.3,548
181,11,https://www.amazon.in//Li-Ning-Panther-Double-Polyester-Badminton/dp/B09VDQDXWN/ref=sr_1_167?crid=2M096C61O4MLT&keywords=bags&qid=1679491990&sprefix=ba%2Caps%2C283&sr=8-167,Li-Ning Panther Double Zipper Polyester Badminton Kit Bag,999,4.3,317
182,11,https://www.amazon.in//ADISA-Laptop-Backpack-Office-College/dp/B0BVRJYD9Q/ref=sr_1_168?crid=2M096C61O4MLT&keywords=bags&qid=1679491990&sprefix=ba%2Caps%2C283&sr=8-168,ADISA 32L Large Laptop Backpack Office Bag College Travel Back Pack with rain Cover (Navy),599,4.5,6
183,11,https://www.amazon.in//SAFARI-26-5-Laptop-Backpack-WANDERER19CBRED/dp/B07NSCCGBK/ref=sr_1_169?crid=2M096C61O4MLT&keywords=bags&qid=1679491990&sprefix=ba%2Caps%2C283&sr=8-169,SAFARI 46 cms Red Laptop/Casual/School/College Backpack (WANDERER19CBRED),"1,149",4.3,264
184,11,https://www.amazon.in//Killer-Backpack-Compartments-Polyester-Waterproof/dp/B07CDD6YS2/ref=sr_1_170?crid=2M096C61O4MLT&keywords=bags&qid=1679491990&sprefix=ba%2Caps%2C283&sr=8-170,KILLER Louis 38L Large Laptop Backpack With 3 Compartments Polyester Trendy Waterproof Travel Backpack,"1,664",4.4,"11,125"
185,11,https://www.amazon.in//uppercase-Backpack-2300EBP1-repellent-sustainable/dp/B0B69M182Q/ref=sr_1_173?crid=2M096C61O4MLT&keywords=bags&qid=1679491990&sprefix=ba%2Caps%2C283&sr=8-173,"uppercase Medium 17 Ltrs Vegan Leather (upto 14 inch) Laptop Backpack 2300EBP1 3x more water resistant sustainable bags with rain proof zippers for Men, Women, Boys and Girls, 750 Days warranty","1,600",4.0,374
186,11,https://www.amazon.in//Cosmus-Casual-Backpack-Charger-College/dp/B08D7D2ZFX/ref=sr_1_174?crid=2M096C61O4MLT&keywords=bags&qid=1679491990&sprefix=ba%2Caps%2C283&sr=8-174,Cosmus Vogue Casual Laptop Backpack with USB Charger Port 46cm 26 Litre Navy College Bag,"1,181",4.2,"1,365"
187,11,https://www.amazon.in//Farraige%C2%AE-Silicone-Crossbody-Waterproof-Stationery/dp/B0B4G8W6MQ/ref=sr_1_175?crid=2M096C61O4MLT&keywords=bags&qid=1679491990&sprefix=ba%2Caps%2C283&sr=8-175,Farraige® Cartoon Soft Silicone Bag Crossbody Shoulder Bag Purse Waterproof Anti Fall Stationery Storage Bag Handbag Sweet Birthday Gift for Children Students Girls,684,4.5,26
188,11,https://www.amazon.in//uppercase-Backpack-2500EBP1-resistant-sustainable/dp/B0BTDB674X/ref=sr_1_176?crid=2M096C61O4MLT&keywords=bags&qid=1679491990&sprefix=ba%2Caps%2C283&sr=8-176,"uppercase Medium 23 Ltrs Tall Boy (14.6 inch) Laptop Backpack 2500EBP1 3x more water resistant sustainable bag with rain proof zippers for Men, Women, Boys and Girls, 750 Days warranty","1,700",4.1,187
189,11,https://www.amazon.in//Skybags-Brat-Polyester-Casual-Backpack/dp/B0BBPPM33V/ref=sr_1_177?crid=2M096C61O4MLT&keywords=bags&qid=1679491990&sprefix=ba%2Caps%2C283&sr=8-177,Skybags Brat 22L Red Polyester Casual Backpack,702,4.0,227
190,11,https://www.amazon.in//Harissons-Backpack-Abrassion-Integrated-backstaps/dp/B07PBKQXCZ/ref=sr_1_178?crid=2M096C61O4MLT&keywords=bags&qid=1679491990&sprefix=ba%2Caps%2C283&sr=8-178,"HARISSONS Bags Delta 39 L Polyester Black 15.6 inch Laptop Backpack with Built-in Rain Cover & Anti-Sweat Air Mesh | Office, Travel and Casual Laptop Bag with Detailed Organizers for Men & Women","1,822",4.2,"1,589"
191,11,https://www.amazon.in//F-Gear-Yakuza-Brown-Laptop-Backpack/dp/B071VNWC1C/ref=sr_1_179?crid=2M096C61O4MLT&keywords=bags&qid=1679491990&sprefix=ba%2Caps%2C283&sr=8-179,F Gear Yakuza Brown 34 liter Laptop Backpack Sch Bag,972.,4.4,801
192,11,https://www.amazon.in//PLAYY-BAGS-Backpack-College-Students/dp/B099N8JRVJ/ref=sr_1_180?crid=2M096C61O4MLT&keywords=bags&qid=1679491990&sprefix=ba%2Caps%2C283&sr=8-180,PLAYY BAGS Large 35 L Laptop Bag/Backpack for Men Women Boys Girls/Office School College Teens & Students(Navy Blue),599,3.3,112
193,12,https://www.amazon.in//Lenovo-Laptop-Everyday-Backpack-Black/dp/B07GM5NR14/ref=sr_1_179?crid=2M096C61O4MLT&keywords=bags&qid=1679492045&sprefix=ba%2Caps%2C283&sr=8-179,Lenovo Everyday Laptop Backpack B515 15.6-inch Water Repellent Black,890,4.1,"3,668"
194,12,https://www.amazon.in//Police-Polyester-Laptop-Spec-Backpack/dp/B07ZB8NWTZ/ref=sr_1_180?crid=2M096C61O4MLT&keywords=bags&qid=1679492045&sprefix=ba%2Caps%2C283&sr=8-180,POLICE Polyester 35 Ltr Laptop Big Low Spec Laptop Backpack - Black/Navy,"1,569",3.3,188
195,12,https://www.amazon.in//Capacity-Cosmetic-Portable-Leather-Organizer/dp/B0BTDKL3KX/ref=sr_1_181?crid=2M096C61O4MLT&keywords=bags&qid=1679492045&sprefix=ba%2Caps%2C283&sr=8-181,"Renva Large Capacity Cosmetic Travel Bag, Women's Makeup Travel Bag Portable Leather Cosmetic Bag, Makeup Storage Bags with Handle and Divider,Makeup Organizer Bags (1 pcs, Black)",629,4.1,18
196,12,https://www.amazon.in//Urban-Tribe-Laptop-Backpack-Havana/dp/B01LXNNFDF/ref=sr_1_182?crid=2M096C61O4MLT&keywords=bags&qid=1679492045&sprefix=ba%2Caps%2C283&sr=8-182,"URBAN TRIBE Havana 15.6"" inch Laptop Backpack for Men and Women | 27L Office/Work/Casual Bag | Water Repellent | Black",900,3.9,709
197,12,https://www.amazon.in//Tabelito-Laptop-Backpack-15-6-inch-Repellent/dp/B08Y3L4PHK/ref=sr_1_183?crid=2M096C61O4MLT&keywords=bags&qid=1679492045&sprefix=ba%2Caps%2C283&sr=8-183,Tabelito® Casual 15.6 Inch (39.6 cm) Water Repellent Laptop Backpack Office College School Business Travel Bag Suitable for Men Women Boys & Girls Capacity 25 Litre (Grey),549,4.2,"1,599"
198,12,https://www.amazon.in//F-Gear-Tycoon-Laptop-Backpack/dp/B071XJ6XV5/ref=sr_1_184?crid=2M096C61O4MLT&keywords=bags&qid=1679492045&sprefix=ba%2Caps%2C283&sr=8-184,F Gear Tycoon 27 Liters Laptop Backpack Sch Bag(Black),"1,168",4.4,218
199,12,https://www.amazon.in//ZIPLOC-Polyester-Waterproof-Backpack-Business/dp/B099FFLQ5Q/ref=sr_1_185?crid=2M096C61O4MLT&keywords=bags&qid=1679492045&sprefix=ba%2Caps%2C283&sr=8-185,ZIPLOC Polyester 42 Liters Waterproof Laptop Backpack/Office Bag/School Bag/College Bag/Business Bag/Unisex Travel Backpack ( Black ),"1,599",3.6,10
200,12,https://www.amazon.in//Clownfish-Trident-Laptop-Briefcase-Messenger/dp/B079HZJTK2/ref=sr_1_186?crid=2M096C61O4MLT&keywords=bags&qid=1679492045&sprefix=ba%2Caps%2C283&sr=8-186,The Clownfish Trident Series Laptop Briefcase 15.6 inch Laptop Bag Messenger Bag (Dark Brown),"2,149",4.4,236
201,12,https://www.amazon.in//LL-LEATHER-LAND-DESIGNER-BAGS/dp/B0BD4TTDHD/ref=sr_1_189?crid=2M096C61O4MLT&keywords=bags&qid=1679492045&sprefix=ba%2Caps%2C283&sr=8-189,LL LEATHER LAND DESIGNER BAGS Women Sling Bag,299,4.0,"1,631"
202,12,https://www.amazon.in//AirCase-C30-Messenger-Compartments-Multi-Pockets/dp/B07V47HHRG/ref=sr_1_190?crid=2M096C61O4MLT&keywords=bags&qid=1679492045&sprefix=ba%2Caps%2C283&sr=8-190,"AirCase Office Sling Messenger Bag fits upto 15.6"" Laptop/Macbook, Detachable Shoulder Strap, Waterproof, Shockproof, Spacious Pockets for Office/Travel, Black- With Warranty","1,451",3.8,"1,166"
203,12,https://www.amazon.in//Mount-Rucksack-Hiking-Trekking-Backpack/dp/B07B4DYD37/ref=sr_1_191?crid=2M096C61O4MLT&keywords=bags&qid=1679492045&sprefix=ba%2Caps%2C283&sr=8-191,"Mount Track ninja 40 Liters rucksack, hiking & trekking backpack",594,4.0,215
204,12,https://www.amazon.in//POLESTAR-Casual-bagpack-School-Backpack/dp/B07PQQ8M7B/ref=sr_1_192?crid=2M096C61O4MLT&keywords=bags&qid=1679492045&sprefix=ba%2Caps%2C283&sr=8-192,"POLESTAR Noble 32 L Bag for College, School, Office, Casual Multipurpose Backpack with 15.6"" Laptop Compartment, Water Resistant, Unisex Design, Stylish & Durable, 1 Year Warranty",579,3.9,"17,384"
205,12,https://www.amazon.in//Blackpink-Backpack-Charging-Headset-College/dp/B09XMGJZH8/ref=sr_1_193?crid=2M096C61O4MLT&keywords=bags&qid=1679492045&sprefix=ba%2Caps%2C283&sr=8-193,PALAY Nylon Urban Tribe Fitpack Neo Multipurpose 15.6 Inch| Water Repellent |26 Litres | Laptop Gym Backpack With Shoe Compartment For Men And Women (Beige),"1,598",3.8,43
206,12,https://www.amazon.in//F-Gear-Blow-Laptop-Backpack/dp/B078J63VRY/ref=sr_1_194?crid=2M096C61O4MLT&keywords=bags&qid=1679492045&sprefix=ba%2Caps%2C283&sr=8-194,"F Gear Blow Laptop Backpack With Rain Cover 32 Liters (Black,Grey) Sch Bag",931,4.3,"1,256"
207,12,https://www.amazon.in//American-Tourister-FS0-11-001/dp/B07S13P8BW/ref=sr_1_195?crid=2M096C61O4MLT&keywords=bags&qid=1679492045&sprefix=ba%2Caps%2C283&sr=8-195,American Tourister Spin 49 cms Teal Laptop Backpack,"1,699",4.0,"1,433"
208,12,https://www.amazon.in//Wildcraft-Turnaround-Polyester-Laptop-8903338054702/dp/B012D51GXO/ref=sr_1_196?crid=2M096C61O4MLT&keywords=bags&qid=1679492045&sprefix=ba%2Caps%2C283&sr=8-196,Wildcraft Turnaround Polyester 35 Ltrs Blue Laptop Bag (8903338054702),"2,075",4.3,"1,159"
209,13,https://www.amazon.in//Storite-Leather-Sling-Coffee-Brown/dp/B0983N9GXN/ref=sr_1_195?crid=2M096C61O4MLT&keywords=bags&qid=1679492101&sprefix=ba%2Caps%2C283&sr=8-195,"Storite Stylish Small PU Leather Sling Cross Body Travel Office One Side Shoulder Bag for Men Women (25 cm x 11 cm x 20 cm, Coffee Brown)",799,4.0,558
210,13,https://www.amazon.in//TUFFGEAR-Bag-Workout-Litre-Duffle/dp/B08M66BVY2/ref=sr_1_196?crid=2M096C61O4MLT&keywords=bags&qid=1679492101&sprefix=ba%2Caps%2C283&sr=8-196,Gym Bag TUFFGEAR Workout 23 Litre Gym Duffle Bag (Black),295,4.0,905
211,13,https://www.amazon.in//Harissons-Office-Laptop-Backpacks-Women/dp/B09D3YYYNG/ref=sr_1_197?crid=2M096C61O4MLT&keywords=bags&qid=1679492101&sprefix=ba%2Caps%2C283&sr=8-197,Harissons Bags Volt 15.6 inch Office Laptop Backpacks for Men and Women,"1,348",4.2,220
212,13,https://www.amazon.in//BUCKETLIST%C2%AE-Backpack-Laptop-Charging-Resistant/dp/B0BMQPZ4V4/ref=sr_1_198?crid=2M096C61O4MLT&keywords=bags&qid=1679492101&sprefix=ba%2Caps%2C283&sr=8-198,BUCKETLIST® Anti Theft Backpack 15.6 Inch Laptop Bag with USB Charging Port and Water Resistant Fabric 30 Liters (Black) (Pack of 1),699,2.8,4
213,13,https://www.amazon.in//POLICE-Stylish-Premium-Quality-Backpack/dp/B084Q4N84P/ref=sr_1_199?crid=2M096C61O4MLT&keywords=bags&qid=1679492101&sprefix=ba%2Caps%2C283&sr=8-199,POLICE Walt Laptop Backpack Business Office College Travel Bags for Men Fits Up to 15 inch Laptop Notebook - Black,"1,689",4.1,621
214,13,https://www.amazon.in//Derben-Fabric-Leather-Laptop-Messenger/dp/B08TVL3MWJ/ref=sr_1_200?crid=2M096C61O4MLT&keywords=bags&qid=1679492101&sprefix=ba%2Caps%2C283&sr=8-200,"DERBEN CLOVE® 15.6 Men and Women Laptop, MacBook Shoulder Messenger Sling Office Bag - Grey",899,4.1,131
215,13,https://www.amazon.in//Red-Lemon-Backpack-Travelling-Weekender/dp/B0B9WX3QD8/ref=sr_1_201?crid=2M096C61O4MLT&keywords=bags&qid=1679492101&sprefix=ba%2Caps%2C283&sr=8-201,"Red Lemon BANGE Cyborg Laptop Backpack for Men Business Travelling Backpack with USB Charger Port,Weekender Carry-On laptop bag for men","2,999",4.1,32
216,13,https://www.amazon.in//uppercase-Professional-Backpack-resistant-sustainable/dp/B0BRMWDNZ7/ref=sr_1_202?crid=2M096C61O4MLT&keywords=bags&qid=1679492101&sprefix=ba%2Caps%2C283&sr=8-202,"uppercase 26 Ltrs Ryder Professional Laptop Backpack (15.6 Inch) 3x more water resistant sustainable bags with rain proof zippers for Men, Women, Boys and Girls, 750 Days warranty","2,400",4.7,19
217,13,https://www.amazon.in//Skybags-Network-Unisex-Blue-Laptop/dp/B0B4DTMVXY/ref=sr_1_205?crid=2M096C61O4MLT&keywords=bags&qid=1679492101&sprefix=ba%2Caps%2C283&sr=8-205,Skybags Network Pro 26L Unisex Blue Laptop Bags,"2,999",3.9,57
218,13,https://www.amazon.in//Fur-Jaden-Charging-Waterproof-BM36_BlueZip/dp/B07MXM5M99/ref=sr_1_206?crid=2M096C61O4MLT&keywords=bags&qid=1679492101&sprefix=ba%2Caps%2C283&sr=8-206,"Fur Jaden 15.6 Inch Laptop Backpack 25 LTR Bag for School, College and Office with USB Charging Port",489,3.9,"9,945"
219,13,https://www.amazon.in//Scratch-Resistant-Anti-Theft-Shoulder-Earphone/dp/B084RHGTCQ/ref=sr_1_207?crid=2M096C61O4MLT&keywords=bags&qid=1679492101&sprefix=ba%2Caps%2C283&sr=8-207,"Arctic Hunter Sling Bag for Men,Chest Bag for Men Crossbody Bag for Men Stylish Shoulder Bag for Men Water&Scratch Resistant,Anti-Theft Mens Sling Bag Side Bag with USB Charging Port Earphone Port Fit Up to 10inch iPad.Black","1,804",4.5,529
220,13,https://www.amazon.in//F-Gear-Carlton-Laptop-Backpack-Black/dp/B072R5Z149/ref=sr_1_208?crid=2M096C61O4MLT&keywords=bags&qid=1679492101&sprefix=ba%2Caps%2C283&sr=8-208,F Gear Carlton V2 Leather 27 Liters Laptop Backpack Sch Bag(Black),787,4.3,54
221,13,https://www.amazon.in//AirCase-C34-Laptop-Backpack-Women/dp/B07QL8633G/ref=sr_1_209?crid=2M096C61O4MLT&keywords=bags&qid=1679492101&sprefix=ba%2Caps%2C283&sr=8-209,"AirCase Laptop Bag Backpack Case Pouch for Laptop Backpack for Men & Women,Premium Vegan Leather",929,4.0,998
222,13,https://www.amazon.in//uppercase-Professional-Anti-theft-resistant-sustainable/dp/B0BSH4H4DB/ref=sr_1_210?crid=2M096C61O4MLT&keywords=bags&qid=1679492101&sprefix=ba%2Caps%2C283&sr=8-210,"uppercase Matrix Professional Anti-theft Laptop Backpack (15.6 Inch) 3x more water resistant sustainable bags with rain proof zippers for Men, Women, Boys and Girls, 750 Days warranty","2,300",4.2,12
223,13,https://www.amazon.in//Cosmus-Casual-Backpack-Charger-College/dp/B08D7DTWLF/ref=sr_1_211?crid=2M096C61O4MLT&keywords=bags&qid=1679492101&sprefix=ba%2Caps%2C283&sr=8-211,Cosmus Vogue Casual Laptop Backpack with USB Charger Port 46cm 26 Litre Dark Grey College Bag,"1,181",4.2,"1,365"
224,13,https://www.amazon.in//Gear-Bounce-Backpack-Grey-Orange-BKPBOUNCE0604/dp/B097KCLF5F/ref=sr_1_212?crid=2M096C61O4MLT&keywords=bags&qid=1679492101&sprefix=ba%2Caps%2C283&sr=8-212,Gear Bounce 27 Ltrs Water Resistant School Bag/Backpack/College Bag for Men/Women-Grey Orange,629,3.6,381
225,14,https://www.amazon.in//ADISA-litres-Laptop-Backpack-Earphone/dp/B08RWCLFHY/ref=sr_1_211?crid=2M096C61O4MLT&keywords=bags&qid=1679492155&sprefix=ba%2Caps%2C283&sr=8-211,ADISA 15.6 inch Laptop Backpack Office Bag College Travel Back Pack 32 Ltrs BP032 (Teal-Red),499,4.0,164
226,14,https://www.amazon.in//GoTrippin-Camping-Outdoors-Polyester-Adjustable/dp/B088LHS5LP/ref=sr_1_212?crid=2M096C61O4MLT&keywords=bags&qid=1679492155&sprefix=ba%2Caps%2C283&sr=8-212,"GoTrippin Waist Bags for Men Women- Premium Stitching, Branded Zippers, Waterproof pocket, RFID safe- Large Fanny pack for Hiking Travel Camping Running Sports Outdoors, Money Belt with Adjustable Strap (Polyester,Black)",999,4.4,"1,902"
227,14,https://www.amazon.in//15-6-inch-Briefcase-Waterproof-Artificial-Compatible/dp/B094GB8VS2/ref=sr_1_213?crid=2M096C61O4MLT&keywords=bags&qid=1679492155&sprefix=ba%2Caps%2C283&sr=8-213,"WORLD SPEED 15.6-inch Laptop Computer Briefcase,Water Resistant, Business Bag with Waterproof Zipper,Shoulder Bag Artificial Leather Handbag,Compatible with laptop MacBook Notebook,for Men/Women",799,4.1,552
228,14,https://www.amazon.in//Gear-Colorado-Navy-Laptop-Backpack/dp/B097K6SPH7/ref=sr_1_214?crid=2M096C61O4MLT&keywords=bags&qid=1679492155&sprefix=ba%2Caps%2C283&sr=8-214,F Gear Colorado Navy Lmn yelw 39 Ltrs Laptop Backpack (3813),761,4.2,89
229,14,https://www.amazon.in//Half-Moon-Waterproof-Backpack-Students/dp/B0BQFVH29F/ref=sr_1_215?crid=2M096C61O4MLT&keywords=bags&qid=1679492155&sprefix=ba%2Caps%2C283&sr=8-215,Half Moon 35 L Casual Waterproof Laptop Bag/Backpack for Men Women Boys Girls/Office School College Teens & Students with Rain Cover (18 Inch) (Sky Blue),699,4.6,6
230,14,https://www.amazon.in//HEROZ-Backpack-Resistant-Durable-Notebook/dp/B08BYQZYYC/ref=sr_1_216?crid=2M096C61O4MLT&keywords=bags&qid=1679492155&sprefix=ba%2Caps%2C283&sr=8-216,HEROZ Hammer Unisex Nylon 45 L Travel Laptop Backpack Water Resistant Slim Durable Fits Up to 17.3 Inch Laptop Notebook (All) (Navy Blue & Sky Blue),"1,349",4.3,"7,738"
231,14,https://www.amazon.in//Wildcraft-Hopper-Laptop-Backpack-Black/dp/B07YNKY9PN/ref=sr_1_217?crid=2M096C61O4MLT&keywords=bags&qid=1679492155&sprefix=ba%2Caps%2C283&sr=8-217,Wildcraft Hopper 1.0 Laptop Backpack 24L (Black),"1,390",4.2,2
232,14,https://www.amazon.in//F-Gear-Blow-Laptop-Backpack-Red/dp/B0749MPCFT/ref=sr_1_218?crid=2M096C61O4MLT&keywords=bags&qid=1679492155&sprefix=ba%2Caps%2C283&sr=8-218,"F Gear Blow Laptop Backpack With Rain Cover 32 Liters (Red,Grey) Sch Bag","1,096",4.4,281
233,14,https://www.amazon.in//F-Gear-Fortune-Backpack-Navy-Blue/dp/B07B7K7212/ref=sr_1_221?crid=2M096C61O4MLT&keywords=bags&qid=1679492155&sprefix=ba%2Caps%2C283&sr=8-221,"F Gear Fortune Navy Blue, Red 27 Liters Laptop Backpack (2700)",747,4.1,491
234,14,https://www.amazon.in//Dell-Essential-Backpack-15-ES1520P/dp/B07TTCXHRH/ref=sr_1_222?crid=2M096C61O4MLT&keywords=bags&qid=1679492155&sprefix=ba%2Caps%2C283&sr=8-222,Dell Essential Backpack 15 (ES1520P),"1,229",4.0,"5,585"
235,14,https://www.amazon.in//Wooum-Stylish-Messenger-Shoulder-Office/dp/B09KKGRP7C/ref=sr_1_223?crid=2M096C61O4MLT&keywords=bags&qid=1679492155&sprefix=ba%2Caps%2C283&sr=8-223,Wooum Dark Grey Stylish Sling Cross Body Bag/Messenger Bag/Shoulder Bag/One Side Bag/Office Bag For Men and Women,349.,4.1,77
236,14,https://www.amazon.in//POLESTAR-backpack-Backpack-College-Students/dp/B08X2JSJ6N/ref=sr_1_224?crid=2M096C61O4MLT&keywords=bags&qid=1679492155&sprefix=ba%2Caps%2C283&sr=8-224,"POLESTAR Leader 34 L Bag for College, School, Office, Casual Multipurpose Backpack with 15.6"" Laptop Compartment, Water Resistant, Unisex Design, Stylish & Durable, 1 Year Warranty",599,4.1,"3,432"
237,14,https://www.amazon.in//Greemito-Multipurpose-clothespin-bag-Vegetables/dp/B08W8TY43R/ref=sr_1_225?crid=2M096C61O4MLT&keywords=bags&qid=1679492155&sprefix=ba%2Caps%2C283&sr=8-225,Greemito Multipurpose clothespin bag with hanger | Bathroom Organizer Hanging Bag | Hanging Net Bags For Vegetables and Fruits Storage | Pack of (2),299,4.2,37
238,14,https://www.amazon.in//Lavie-Womens-Laptop-Ladies-Handbag/dp/B0B7JJ8BB3/ref=sr_1_226?crid=2M096C61O4MLT&keywords=bags&qid=1679492155&sprefix=ba%2Caps%2C283&sr=8-226,Lavie Women's Mento Laptop Bag | Ladies Purse Handbag,"1,379",4.6,10
239,14,https://www.amazon.in//uppercase-Professional-Backpack-resistant-sustainable/dp/B0BR1D4SL1/ref=sr_1_227?crid=2M096C61O4MLT&keywords=bags&qid=1679492155&sprefix=ba%2Caps%2C283&sr=8-227,"uppercase Apex Professional Laptop Backpack (15.6 Inch) 3x more water resistant sustainable bags with rain proof zippers for Men, Women, Boys and Girls, 750 Days warranty","1,800",4.9,18
240,14,https://www.amazon.in//QUDDY-Capacity-Cosmetic-Cosmetics-Organizer/dp/B0BVWH7FS5/ref=sr_1_228?crid=2M096C61O4MLT&keywords=bags&qid=1679492155&sprefix=ba%2Caps%2C283&sr=8-228,"QUDDY Large Capacity Cosmetic Travel Bag, Women's Makeup Travel Bag Portable Leather Cosmetics Bag, Makeup Storage Bags with Handle and Divider, Wide Opening Cosmetic/Makeup Organizer Bags",799,4.9,18
242,15,https://www.amazon.in//COSMUS-Polyester-Navy-Laptop-Backpack/dp/B01FVQLLU0/ref=sr_1_228?crid=2M096C61O4MLT&keywords=bags&qid=1679492208&sprefix=ba%2Caps%2C283&sr=8-228,COSMUS Darwin Navy Blue Laptop Backpack for (15.6 inch),"1,231",4.3,"9,903"
243,15,https://www.amazon.in//Skybags-Unisex-Grey-Jacqard-Laptop/dp/B09ZV9SLBJ/ref=sr_1_229?crid=2M096C61O4MLT&keywords=bags&qid=1679492208&sprefix=ba%2Caps%2C283&sr=8-229,Skybags Unisex Grey Jacqard 34L Laptop Bags,"1,319",4.0,20
244,15,https://www.amazon.in//Heart-Home-Printed-Backpack-HS_38_HEARTH21105/dp/B095CGX9RT/ref=sr_1_230?crid=2M096C61O4MLT&keywords=bags&qid=1679492208&sprefix=ba%2Caps%2C283&sr=8-230,Heart Home Rexien Disney Mickey Mouse Printed Kids School Bag|Zipper Closure With 3 Comparments|Size 27 x 22 x 40 CM (Green)-HS_38_HEARTH21105,697,3.9,182
245,15,https://www.amazon.in//Wildcraft-Hopper-Laptop-Backpack-Blue/dp/B07YNL6H8H/ref=sr_1_231?crid=2M096C61O4MLT&keywords=bags&qid=1679492208&sprefix=ba%2Caps%2C283&sr=8-231,Wildcraft Hopper 1.0 Laptop Backpack 24L (Blue),"1,390",4.5,2
246,15,https://www.amazon.in//Osaka-Pro-Waterproof-Accessories-Others-Made/dp/B081Z1TVPQ/ref=sr_1_232?crid=2M096C61O4MLT&keywords=bags&qid=1679492208&sprefix=ba%2Caps%2C283&sr=8-232,"Osaka Pro Series-11 Waterproof DSLR Backpack Camera Bag, Lens Accessories Carry Case for Nikon, Canon, Olympus, Pentax & Others-Made in India",830,3.9,567
247,15,https://www.amazon.in//Anti-Theft-Backpack-Expandable-Water-resistant-Convertible/dp/B0B6FZ3YNV/ref=sr_1_233?crid=2M096C61O4MLT&keywords=bags&qid=1679492208&sprefix=ba%2Caps%2C283&sr=8-233,"Golden Wolf Backpack 35L Expandable Travel Backpack for Men and Women Anti-theft Laptop Bag with Lock Water-resistant Convertible Backpack with USB Port Travel Business College Bag for Men,Black","2,564",4.4,37
248,15,https://www.amazon.in//Casual-Travel-Backpack-School-College/dp/B09PVCF9F8/ref=sr_1_234?crid=2M096C61O4MLT&keywords=bags&qid=1679492208&sprefix=ba%2Caps%2C283&sr=8-234,Airish 45 ltrs (46 Cms)Backpack(ARU-202_Green),664,3.6,156
249,15,https://www.amazon.in//Ace-Laptop-Backpack-Charging-College/dp/B09ZB5HGWB/ref=sr_1_237?crid=2M096C61O4MLT&keywords=bags&qid=1679492208&sprefix=ba%2Caps%2C283&sr=8-237,Large 26L Ace Laptop Backpack Laptop Bag | Office Bag With USB Charging Port | College Bag,569,4.0,1
250,15,https://www.amazon.in//Half-Moon-Resistant-Laptop-Backpack/dp/B09842K4RQ/ref=sr_1_238?crid=2M096C61O4MLT&keywords=bags&qid=1679492208&sprefix=ba%2Caps%2C283&sr=8-238,"Half Moon 35L Water Resistant 15.6 inch Laptop Bag for Men/Backpack for Men, Black | Office Bag for Men/Office Bag for Women with Padded Laptop Compartment | Rain Cover & Reflective Strips",699,3.9,300
251,15,https://www.amazon.in//DARK-HORSE-Briefcase-Messenger-Compartment/dp/B0BJZF92F6/ref=sr_1_239?crid=2M096C61O4MLT&keywords=bags&qid=1679492208&sprefix=ba%2Caps%2C283&sr=8-239,"DARK HORSE Laptop Bag Leather Briefcase 15.6 Inch Messenger Bag Satchel for Men, Padded Laptop Compartment 12 Liters , Water Resistant Shoulder Bag with Strap, Durable Office Bag, for Laptop/Notebook/MacBook",599,3.9,16
252,15,https://www.amazon.in//Resistance-Backpack-Students-Compartment-50x37x26Cm/dp/B09X5Y2CB2/ref=sr_1_240?crid=2M096C61O4MLT&keywords=bags&qid=1679492208&sprefix=ba%2Caps%2C283&sr=8-240,Wooum 48 L Casual Water Resistance Laptop Bag/Backpack for Men Women Boys Girls/Office School College Teens & Students with 15.6 Inch Laptop Compartment 50x37x26Cm,569.,3.6,57
253,15,https://www.amazon.in//Storite-Grocery-Shopping-Reinforced-40x20x33-cm/dp/B079T66RBW/ref=sr_1_241?crid=2M096C61O4MLT&keywords=bags&qid=1679492208&sprefix=ba%2Caps%2C283&sr=8-241,"Storite Pack of 2 Heavy Duty Canvas Grocery Shopping Bags with Reinforced Handles (40x20x33-cm, Green)",519,4.3,"2,107"
254,15,https://www.amazon.in//Hilfiger-Connor-Backpack-TH-CONNORLAP20/dp/B07N8HPP97/ref=sr_1_242?crid=2M096C61O4MLT&keywords=bags&qid=1679492208&sprefix=ba%2Caps%2C283&sr=8-242,Tommy Hilfiger Connor 23 Ltrs Black Laptop Backpack (TH/CONNORLAP01),"1,559",4.1,151
255,15,https://www.amazon.in//Backpack-Business-Scratch-resistant-Multiple-Comfortable/dp/B0B6FNPN76/ref=sr_1_243?crid=2M096C61O4MLT&keywords=bags&qid=1679492208&sprefix=ba%2Caps%2C283&sr=8-243,"Arctic Hunter Laptop Backpack, Premium Business Backpack Office Travel Laptop Bag with 15.6-inch Laptop Pocket Water/Scratch-resistant Multiple Pocket Comfortable and Thick, Large Capacity Padded Backpack for Men and Women","5,699",4.3,66
256,15,https://www.amazon.in//Gear-Polyester-Laptop-Backpack-LBPECO1000109/dp/B012NW1H1I/ref=sr_1_244?crid=2M096C61O4MLT&keywords=bags&qid=1679492208&sprefix=ba%2Caps%2C283&sr=8-244,Gear ECO 1 Black Orange Red Laptop Backpack,854,4.3,"1,357"
257,16,https://www.amazon.in//Wildcraft-Packs18-Laptop-Backpack-Streak/dp/B07G7LDLJ7/ref=sr_1_243?crid=2M096C61O4MLT&keywords=bags&qid=1679492263&sprefix=ba%2Caps%2C283&sr=8-243,wildcraft Work Packs'18 21 ltrs red Laptop Backpack (Streak),"1,399",4.0,64
258,16,https://www.amazon.in//xcluma-Diaper-Changing-Mother-Handbag/dp/B07PFL5Z3W/ref=sr_1_244?crid=2M096C61O4MLT&keywords=bags&qid=1679492263&sprefix=ba%2Caps%2C283&sr=8-244,xcluma Baby Diaper Nappy Changing Baby Diaper Bag Mother Bag Mummy Bag Handbag (4 Pcs Set- Pink),999,4.3,"1,538"
259,16,https://www.amazon.in//Wesley-briefcase-professional-Briefcase-messenger/dp/B0BJVDN7VT/ref=sr_1_245?crid=2M096C61O4MLT&keywords=bags&qid=1679492263&sprefix=ba%2Caps%2C283&sr=8-245,Wesley office Laptop Bag briefcase notebook professional business 15.6 Inch Briefcase messenger sling Water resistant Laptop Bag Tablet Business Carrying Handbag for Women and Men (Charcoal Black),471,4.0,"1,180"
260,16,https://www.amazon.in//PUMA-Laptop-Backpack-Black-White/dp/B08BTMMB23/ref=sr_1_246?crid=2M096C61O4MLT&keywords=bags&qid=1679492263&sprefix=ba%2Caps%2C283&sr=8-246,PUMA Laptop Backpack IND I Black- White,"1,099",3.9,133
261,16,https://www.amazon.in//Half-Moon-Resistant-Laptop-Backpack/dp/B09B68N8LT/ref=sr_1_247?crid=2M096C61O4MLT&keywords=bags&qid=1679492263&sprefix=ba%2Caps%2C283&sr=8-247,"Half Moon 35L Water Resistant 15.6 inch Laptop Bag for Men/Backpack for Men, Airport Blue | Office Bag for Men/Office Bag for Women with Padded Laptop Compartment | Rain Cover & Reflective Strips",699,3.8,192
262,16,https://www.amazon.in//HP-Backpack-Laptop-Chromebook-1D0M5PA/dp/B08FM6X8KZ/ref=sr_1_248?crid=2M096C61O4MLT&keywords=bags&qid=1679492263&sprefix=ba%2Caps%2C283&sr=8-248,HP 5 ltrs (2 cms)backpack(1D0M5PA_black),"1,219",4.2,926
264,16,https://www.amazon.in//POSSHUSA-Backpack-Charging-College-Suitable/dp/B0BX8ZZ769/ref=sr_1_250?crid=2M096C61O4MLT&keywords=bags&qid=1679492263&sprefix=ba%2Caps%2C283&sr=8-250,POSSHUSA 15.6 Anti Theft Laptop Backpack with USB Charging Port Unisex Bag for College Office Suitable for Men Women,630,New to Amazon,14
265,16,https://www.amazon.in//American-Tourister-FS0-41-002/dp/B07S13B1HR/ref=sr_1_253?crid=2M096C61O4MLT&keywords=bags&qid=1679492263&sprefix=ba%2Caps%2C283&sr=8-253,American Tourister Spin 49 cms Navy Laptop Backpack,"1,699",4.2,"1,135"
266,16,https://www.amazon.in//PrimeBox-Shoulder-Lightweight-Resistant-Activity/dp/B0BR17PDX8/ref=sr_1_254?crid=2M096C61O4MLT&keywords=bags&qid=1679492263&sprefix=ba%2Caps%2C283&sr=8-254,PrimeBox Travel Duffel Bag Sports Tote Shoulder Gym Bag Womens Travel Bags Lightweight Water Resistant Workout Bag for Sports Activity Pack of 1 Black Color,299,New to Amazon,"1,135"
267,16,https://www.amazon.in//Wooum-Resistant-Material-Messenger-Compartment/dp/B09KV7Y3KL/ref=sr_1_255?crid=2M096C61O4MLT&keywords=bags&qid=1679492263&sprefix=ba%2Caps%2C283&sr=8-255,Wooum Water Resistant Material Sling Bag/One Side Bag/Shoulder Bag/Messenger Bag/Office Messenger Bag/Travel Side Bag with 14.1 Inch Laptop Compartment -,474.,3.9,220
268,16,https://www.amazon.in//Kuber-Industries-Lightweight-Toiletry-Carrying/dp/B0B45QRYHY/ref=sr_1_256?crid=2M096C61O4MLT&keywords=bags&qid=1679492263&sprefix=ba%2Caps%2C283&sr=8-256,Kuber Industries Rexine Lightweight Travel Toiletry Bag Shaving Kit with Carrying Strap (Grey) 54KM4283,231,4.0,37
269,16,https://www.amazon.in//Half-Moon-Waterproof-Backpack-Students/dp/B0BR149RMT/ref=sr_1_257?crid=2M096C61O4MLT&keywords=bags&qid=1679492263&sprefix=ba%2Caps%2C283&sr=8-257,Half Moon 35 L Casual Waterproof Laptop Bag/Backpack for Men Women Boys Girls/Office School College Teens & Students with Rain Cover (18 Inch) (Black),699,3.8,9
270,16,https://www.amazon.in//MosQuick%C2%AE-Drawstring-Organizing-Stationery-multipurpose/dp/B09S9ZDW2X/ref=sr_1_258?crid=2M096C61O4MLT&keywords=bags&qid=1679492263&sprefix=ba%2Caps%2C283&sr=8-258,"MosQuick® Clear large Drawstring Bags Clear Plastic Travel Bags, Travel Garments Organizing Storage Plastic Bags ,Shoe bags , Stationery Bag,multipurpose bag - Translucent",324,4.2,50
271,16,https://www.amazon.in//Half-Moon-Waterproof-Laptop-Compartment/dp/B09XLNNQC1/ref=sr_1_259?crid=2M096C61O4MLT&keywords=bags&qid=1679492263&sprefix=ba%2Caps%2C283&sr=8-259,Half Moon 45L Hammer Waterproof Laptop Travelling Rucksack Trekking Backpack for Travel Journey bags for Men Women Boys & Girls with 17.3inch Laptop Compartment & Rain cover,"1,299",4.1,"1,017"
272,16,https://www.amazon.in//SAEKOS-Stylish-Backpack-Shoulder-Silicone/dp/B0B3D9B2D4/ref=sr_1_260?crid=2M096C61O4MLT&keywords=bags&qid=1679492263&sprefix=ba%2Caps%2C283&sr=8-260,"SAEKOS Minnie pop it Bag | Fidget Popit Stylish Backpack Shoulder Bag | Cute Silicone Purse, Pouch | for Kids, Women | Black Red (Pack of 1)",389,4.0,22
273,17,https://www.amazon.in//Backpack-Business-Computer-Luggage-Resistant/dp/B084LBMKMT/ref=sr_1_259?crid=2M096C61O4MLT&keywords=bags&qid=1679492321&sprefix=ba%2Caps%2C283&sr=8-259,"Arctic Hunter Backpack 15.6 Inch Laptop Bag Water-Resistant Slim Business Backpack for Office Travel School Smart Bag with USB Port for Men and Women, Black","2,659",4.3,115
274,17,https://www.amazon.in//Wildcraft-CL2-laptop-bagpack-Black/dp/B00L14FKD6/ref=sr_1_260?crid=2M096C61O4MLT&keywords=bags&qid=1679492321&sprefix=ba%2Caps%2C283&sr=8-260,Wildcraft CL2 Laptop bagpack (Black),"1,585",4.1,176
275,17,https://www.amazon.in//PACKNBUY-Diaper-Mother-Maternity-Backpack/dp/B07Z853TJN/ref=sr_1_261?crid=2M096C61O4MLT&keywords=bags&qid=1679492321&sprefix=ba%2Caps%2C283&sr=8-261,PACKNBUY Diaper Bag for Babies Mother Hospital Maternity Baby Bags (Blue),"1,499",4.2,13
276,17,https://www.amazon.in//Gear-Polyester-Laptop-Backpack-LBPECONO10412/dp/B012NW0J30/ref=sr_1_262?crid=2M096C61O4MLT&keywords=bags&qid=1679492321&sprefix=ba%2Caps%2C283&sr=8-262,Gear ECO1 24L Water Resistant Laptop Bag/Backpack/Office Bag for Men/Women- Grey-Black-Yellow,854,4.2,"1,420"
277,17,https://www.amazon.in//DZert-Polyester-Black-White-Backpack/dp/B07GXX2BP3/ref=sr_1_263?crid=2M096C61O4MLT&keywords=bags&qid=1679492321&sprefix=ba%2Caps%2C283&sr=8-263,DZert Clasy Laptop Bag College Bag for Boys Girls 21 L Red Black,296,3.8,"2,292"
278,17,https://www.amazon.in//F-Gear-Sedna-Laptop-Backpack-Brown/dp/B072N83D9M/ref=sr_1_264?crid=2M096C61O4MLT&keywords=bags&qid=1679492321&sprefix=ba%2Caps%2C283&sr=8-264,F Gear Sedna 27 Liters Laptop Backpack Sch Bag(Brown),926,4.1,156
279,17,https://www.amazon.in//Backpack-Business-Backpacks-Charging-Resistant/dp/B094DGXXR5/ref=sr_1_265?crid=2M096C61O4MLT&keywords=bags&qid=1679492321&sprefix=ba%2Caps%2C283&sr=8-265,"FUR JADEN Travel Laptop Backpack, Business Backpacks with USB Charging Port, Water Resistant College School Computer Bag for Men & Women Fits Under 15.6 inch Laptop and Notebook",989,4.1,107
280,17,https://www.amazon.in//Gear-Executive-Anti-Theft-Backpack-BKPPKREXE0101/dp/B097KCMQKG/ref=sr_1_266?crid=2M096C61O4MLT&keywords=bags&qid=1679492321&sprefix=ba%2Caps%2C283&sr=8-266,Gear Parker 23L Water Resistant Anti Theft Laptop Bag/Backpack for Men/Women - Black,702,4.3,325
281,17,https://www.amazon.in//Roop-Fashion-Drawstring-Multipurpose-Activities/dp/B0847L8W6N/ref=sr_1_269?crid=2M096C61O4MLT&keywords=bags&qid=1679492321&sprefix=ba%2Caps%2C283&sr=8-269,"Roop Fashion Plain Chain Drawstring Bag, Multipurpose Unisex Drawstring, Gym, Travel, Hiking, Camping, Summer Camp and More Outdoor Activities, Multicolor Bag",199,3.1,50
282,17,https://www.amazon.in//Leatherette-Executive-messenger-multiple-compartments/dp/B099NM8621/ref=sr_1_270?crid=2M096C61O4MLT&keywords=bags&qid=1679492321&sprefix=ba%2Caps%2C283&sr=8-270,"Zipline Synthetic Leather Executive SMALL messenger bag Briefcase for upto 13"" Laptop/Tablet for men women with multiple compartments (1-Tan Bag)",938,3.9,366
283,17,https://www.amazon.in//uppercase-Backpack-1600EBP1-resistant-sustainable/dp/B0B68ZS5G1/ref=sr_1_271?crid=2M096C61O4MLT&keywords=bags&qid=1679492321&sprefix=ba%2Caps%2C283&sr=8-271,"uppercase Laptop Backpack 1600EBP Compact 3x more water repellent sustainable bags with rain proof zippers for Men, Women, Boys and Girls , 750 Days warranty",950,4.2,171
284,17,https://www.amazon.in//Aristocrat-Unisex-Oxford-Fabric-28-82L/dp/B09ZV86P4S/ref=sr_1_272?crid=2M096C61O4MLT&keywords=bags&qid=1679492321&sprefix=ba%2Caps%2C283&sr=8-272,Aristocrat Unisex Black Oxford Fabric 28.82L Laptop Bags,792,3.5,44
285,17,https://www.amazon.in//F-Gear-Samurai-Black-Laptop-Backpack/dp/B071F2M8CW/ref=sr_1_273?crid=2M096C61O4MLT&keywords=bags&qid=1679492321&sprefix=ba%2Caps%2C283&sr=8-273,F Gear Samurai Black 30 liter Laptop Backpack Sch Bag,892,4.1,83
286,17,https://www.amazon.in//Wildcraft-Laptop-Trident-XL-2_Black/dp/B019DWD8SQ/ref=sr_1_274?crid=2M096C61O4MLT&keywords=bags&qid=1679492321&sprefix=ba%2Caps%2C283&sr=8-274,wildcraft Nylon 40 ltrs Black Laptop Bag (Trident XL 2_Black),"2,999",4.4,564
287,17,https://www.amazon.in//GreenLands-SG-Backpack-QUAD-L-Grey/dp/B08ML7RWG6/ref=sr_1_275?crid=2M096C61O4MLT&keywords=bags&qid=1679492321&sprefix=ba%2Caps%2C283&sr=8-275,"GREENLANDS 42 Litres Quad Backpack/Bag with Rain Cover for Travel, Upto 17” Laptop, School/College and Work Lightweight and Stylish Bag Men and Women- Light Grey","1,742",3.8,90
288,17,https://www.amazon.in//Skybags-Arthur-Laptop-Backpack-Grey/dp/B07SRFGK6H/ref=sr_1_276?crid=2M096C61O4MLT&keywords=bags&qid=1679492321&sprefix=ba%2Caps%2C283&sr=8-276,"Skybags Arthur 30 L Laptop Backpack (Grey), Free Size (PLBPARTHGRY)","1,499",3.9,587
289,18,https://www.amazon.in//F-Gear-Talent-Laptop-Backpack-Grey/dp/B078KS2FX1/ref=sr_1_275?crid=2M096C61O4MLT&keywords=bags&qid=1679492376&sprefix=ba%2Caps%2C283&sr=8-275,"F Gear Talent Laptop Backpack With Rain Cover 32 Liters (Grey,Black)",931,4.4,"1,103"
290,18,https://www.amazon.in//SKYTONE-Cosmetic-Bag-Cosmetics-Organizer/dp/B0BV358QKF/ref=sr_1_276?crid=2M096C61O4MLT&keywords=bags&qid=1679492376&sprefix=ba%2Caps%2C283&sr=8-276,"SKYTONE Large Capacity Cosmetic Travel Bag, Women's Makeup Travel Bag Portable Leather Cosmetics Bag, Makeup Storage Bags with Handle and Divider, Wide Opening Cosmetic/Makeup Organizer (Pink)",749,3.7,23
291,18,https://www.amazon.in//Gear-Compact-Business-Backpack-BUSCOMPACT001/dp/B08D73QVTD/ref=sr_1_277?crid=2M096C61O4MLT&keywords=bags&qid=1679492376&sprefix=ba%2Caps%2C283&sr=8-277,Gear Compact Business 18L Water Resistant Laptop Bag/Backpack/Office Bag for Men/Women-Black,759,4.3,557
292,18,https://www.amazon.in//F-Gear-Millionaire-Doby-Black-Laptop-Backpack/dp/B07XMLCYTH/ref=sr_1_278?crid=2M096C61O4MLT&keywords=bags&qid=1679492376&sprefix=ba%2Caps%2C283&sr=8-278,F Gear Millionaire Doby 36 Ltrs Black Laptop Backpack (3201),986,4.0,29
293,18,https://www.amazon.in//Cosmus-Casual-Backpack-Charger-College/dp/B09HX54TGF/ref=sr_1_279?crid=2M096C61O4MLT&keywords=bags&qid=1679492376&sprefix=ba%2Caps%2C283&sr=8-279,COSMUS Vogue Casual Laptop Backpack with USB Charger Port 46cm 26 Litre Maroon College Bag,"1,181",4.2,"1,365"
294,18,https://www.amazon.in//Business-Casual-Compartment-Resistant-Backpack/dp/B08N6HSJJ5/ref=sr_1_280?crid=2M096C61O4MLT&keywords=bags&qid=1679492376&sprefix=ba%2Caps%2C283&sr=8-280,URBAN WOLF 30L Casual Dual Compartment Water Resistant Laptop Backpack Unisex Bags for Office/ Travel/ Business/ College/ School (Black),719,4.0,924
295,18,https://www.amazon.in//Wildcraft-Casual-Backpack-12245_Folk_Navy-HxWxD/dp/B083698S54/ref=sr_1_281?crid=2M096C61O4MLT&keywords=bags&qid=1679492376&sprefix=ba%2Caps%2C283&sr=8-281,Wildcraft 31.5 Ltrs Pack 2 Folk Navy Casual Backpack (12245_Folk_Navy)(HxWxD : 18.5x13x8)(inches),"1,535",4.3,67
296,18,https://www.amazon.in//HOUSAI-Twisted-Handles-Gifting-Shopping/dp/B09NW23HSV/ref=sr_1_282?crid=2M096C61O4MLT&keywords=bags&qid=1679492376&sprefix=ba%2Caps%2C283&sr=8-282,"HOUSAI: pack of 30 Plain white Paper Bags with Twisted Handles Suits in Gifting, Shopping & Food Packing, W/G/H = 8.5""X4""X11.5"" inch (Small)",558,3.9,9
297,18,https://www.amazon.in//Tommy-Hilfiger-Orlean-Polyester-Overnighter/dp/B0BDS1RVPP/ref=sr_1_285?crid=2M096C61O4MLT&keywords=bags&qid=1679492376&sprefix=ba%2Caps%2C283&sr=8-285,Tommy Hilfiger Orlean Plus Unisex Polyester Overnighter with 15 Inch Laptop Pocket Dark Black,"3,649",4.1,21
298,18,https://www.amazon.in//AirCase-C25-Messenger-Shoulder-Compartments/dp/B07X6DV3VM/ref=sr_1_286?crid=2M096C61O4MLT&keywords=bags&qid=1679492376&sprefix=ba%2Caps%2C283&sr=8-286,"AirCase Office Messenger Sling Bag fits upto 15.6"" Laptop/Macbook, Detachable Shoulder Strap, Waterproof, Shockproof, Carry Handle with Spacious Pockets, For Men & Women, Blue- with Warranty",949,3.9,"1,267"
299,18,https://www.amazon.in//Wildcraft-Packs18-Laptop-Backpack-ACE/dp/B07GS9ZWFX/ref=sr_1_287?crid=2M096C61O4MLT&keywords=bags&qid=1679492376&sprefix=ba%2Caps%2C283&sr=8-287,Wildcraft Work Packs'18 25 Ltrs Blue Laptop Backpack (ACE),"1,625",3.6,10
300,18,https://www.amazon.in//House-Quirk-Toiletry-Waterproof-Zippered/dp/B09G364GX5/ref=sr_1_288?crid=2M096C61O4MLT&keywords=bags&qid=1679492376&sprefix=ba%2Caps%2C283&sr=8-288,"House of Quirk Clear Toiletry Bag, Wash Make Up Bag PVC Waterproof Zippered Cosmetic Bag, Portable Carry Pouch for Women Men (Set of 3 Bag Black)",675,4.4,470
301,18,https://www.amazon.in//F-Gear-Milestone-Casual-Laptop-Backpack/dp/B08FX1R6WY/ref=sr_1_289?crid=2M096C61O4MLT&keywords=bags&qid=1679492376&sprefix=ba%2Caps%2C283&sr=8-289,F Gear Milestone Olive Casual 20 Ltrs Laptop Backpack (3376),"1,089",4.0,678
302,18,https://www.amazon.in//Veneer-Business-Briefcase-Resistant-Messenger/dp/B08Z619V6Z/ref=sr_1_290?crid=2M096C61O4MLT&keywords=bags&qid=1679492376&sprefix=ba%2Caps%2C283&sr=8-290,"Veneer Laptop Bag 15.6 Inch, Business Briefcase for Men Women, 15inch Water Resistant Messenger Shoulder Bag with Strap, Durable Office Bag, for Computer/Notebook/MacBook",995,4.2,"2,993"
303,18,https://www.amazon.in//Storite-Leather-Sling-Bag-Brown/dp/B08TR8RMNH/ref=sr_1_291?crid=2M096C61O4MLT&keywords=bags&qid=1679492376&sprefix=ba%2Caps%2C283&sr=8-291,"Storite Stylish Small PU Leather Sling Cross Body Travel Office Messenger One Side Shoulder Bag for Men Women(Brown, 20.5x9x16.5cm)",799,4.1,828
304,18,https://www.amazon.in//Leatherette-Executive-messenger-multiple-compartments/dp/B099NLKTNT/ref=sr_1_292?crid=2M096C61O4MLT&keywords=bags&qid=1679492376&sprefix=ba%2Caps%2C283&sr=8-292,"Zipline Synthetic Leather Executive small messenger bag for upto 13"" Laptop/Tablet for men women with multiple compartments (1-Black Bag)",938,3.8,58
305,20,https://www.amazon.in//Polyester-Bagpack-Spacious-Shoulder-Travelling/dp/B0BLHBD7N6/ref=sr_1_307?crid=2M096C61O4MLT&keywords=bags&qid=1679492434&sprefix=ba%2Caps%2C283&sr=8-307,"Space Full School and Laptop Bag, Weight Polyester Bagpack for Men and Women, Spacious Shoulder Bag for College, Office, Travelling and Camping (Black Color, Pack Of 1)",399,5.0,2
306,20,https://www.amazon.in//PUJI-Bag-overnight-weekender-Multicolor/dp/B0B3RTVM2J/ref=sr_1_308?crid=2M096C61O4MLT&keywords=bags&qid=1679492434&sprefix=ba%2Caps%2C283&sr=8-308,"PUJI Travel Duffel Bag, overnight shoulder Bag, weekender carry on for women, Women's travel bags Shoulder Weekender Overnight Bag for Women, sports Gym Bag, Sports Tote Gym Bag, workout duffel bag (SIMPLE BAG)( Multicolor )",559,3.8,161
